"ID","Description","GeneRatio","BgRatio","RichFactor","FoldEnrichment","zScore","pvalue","p.adjust","qvalue","geneID","Count"
"GO:0070085","glycosylation","43/980","242/18986",0.177685950413223,3.44239332096475,8.92076018621601,9.37117403890696e-13,4.65466214512509e-09,4.19335377256774e-09,"B3GNT7/B3GNT6/B3GALT5/CWH43/GCNT3/B4GALNT2/ST6GALNAC1/ENTPD5/ST3GAL4/GALNT8/GALNT12/GNE/B3GALT1/B3GALT4/TMEM59/SLC39A8/DHDDS/ABO/CHP1/GALNT5/GALNT7/MGAT4A/NANS/MGAT3/FUT2/B3GNT8/GAL3ST1/FUT3/PSEN1/MAN2A1/GBA2/UBE2J1/MPDU1/B4GALT4/EDEM3/CMAS/DOLPP1/FUT6/GALNT3/GCNT1/ST6GALNAC4/TET2/GALNT4",43
"GO:0006486","protein glycosylation","39/980","223/18986",0.174887892376682,3.38818522924865,8.36910498537763,1.78559981724034e-11,2.95635809741092e-08,2.66336309582059e-08,"B3GNT7/B3GNT6/B3GALT5/CWH43/GCNT3/B4GALNT2/ST6GALNAC1/ENTPD5/ST3GAL4/GALNT8/GALNT12/B3GALT1/B3GALT4/TMEM59/SLC39A8/DHDDS/ABO/CHP1/GALNT5/GALNT7/MGAT4A/MGAT3/FUT2/B3GNT8/GAL3ST1/FUT3/PSEN1/MAN2A1/UBE2J1/MPDU1/B4GALT4/EDEM3/DOLPP1/FUT6/GALNT3/GCNT1/ST6GALNAC4/TET2/GALNT4",39
"GO:0043413","macromolecule glycosylation","39/980","223/18986",0.174887892376682,3.38818522924865,8.36910498537763,1.78559981724034e-11,2.95635809741092e-08,2.66336309582059e-08,"B3GNT7/B3GNT6/B3GALT5/CWH43/GCNT3/B4GALNT2/ST6GALNAC1/ENTPD5/ST3GAL4/GALNT8/GALNT12/B3GALT1/B3GALT4/TMEM59/SLC39A8/DHDDS/ABO/CHP1/GALNT5/GALNT7/MGAT4A/MGAT3/FUT2/B3GNT8/GAL3ST1/FUT3/PSEN1/MAN2A1/UBE2J1/MPDU1/B4GALT4/EDEM3/DOLPP1/FUT6/GALNT3/GCNT1/ST6GALNAC4/TET2/GALNT4",39
"GO:0009101","glycoprotein biosynthetic process","45/980","322/18986",0.139751552795031,2.70747242996577,7.20923178194095,1.13431871000008e-09,1.40854025814259e-06,1.26894443058166e-06,"B3GNT7/B3GNT6/B3GALT5/CWH43/GCNT3/ITM2C/B4GALNT2/ST6GALNAC1/ENTPD5/ST3GAL4/GALNT8/GALNT12/B3GALT1/UGDH/B3GALT4/TMEM59/SLC39A8/DHDDS/ABO/CHP1/GALNT5/GALNT7/GAL3ST2/MGAT4A/MGAT3/FUT2/FOXL1/B3GNT8/CANT1/GAL3ST1/FUT3/PSEN1/MAN2A1/UBE2J1/MPDU1/TCF7L2/B4GALT4/EDEM3/DOLPP1/FUT6/GALNT3/GCNT1/ST6GALNAC4/TET2/GALNT4",45
"GO:0009100","glycoprotein metabolic process","49/980","392/18986",0.125,2.42168367346939,6.63543366595629,9.16745656627239e-09,9.10695135293499e-06,8.20439112909978e-06,"B3GNT7/B3GNT6/B3GALT5/CWH43/GCNT3/ITM2C/B4GALNT2/ST6GALNAC1/NEU4/ENTPD5/ST3GAL4/GALNT8/GALNT12/BMP2/B3GALT1/UGDH/B3GALT4/TMEM59/SLC39A8/GNPTAB/DHDDS/ABO/CHP1/GALNT5/GALNT7/GAL3ST2/MGAT4A/MGAT3/FUT2/FOXL1/B3GNT8/CANT1/GAL3ST1/FUT3/PSEN1/MAN2A1/UBE2J1/MPDU1/TCF7L2/B4GALT4/EDEM3/DOLPP1/FUT6/IHH/GALNT3/GCNT1/ST6GALNAC4/TET2/GALNT4",49
"GO:1903532","positive regulation of secretion by cell","40/980","298/18986",0.134228187919463,2.60046568963156,6.49655026911098,2.99764217267441e-08,2.22118401848635e-05,2.00104972027709e-05,"CD177/GCG/EDN3/PLA2G10/UCN3/TNFRSF11A/BMP2/SRI/P2RX4/TRPM4/MAP2K6/ACHE/SMPD3/GNA11/F2RL1/CFTR/HLA-F/ILDR1/KLRC2/VPS4B/GIPR/ABCG1/RAB27B/BSG/MCU/SIRT6/PCSK1/VAMP8/ADORA2B/BAD/C2CD2L/PPARG/DOC2A/TCF7L2/CD2AP/GOLPH3L/EXPH5/PDCD6IP/PFKFB2/S100A10",40
"GO:0051047","positive regulation of secretion","42/980","322/18986",0.130434782608696,2.52697426796806,6.4471386065437,3.13031772285171e-08,2.22118401848635e-05,2.00104972027709e-05,"CD177/GCG/EDN3/PLA2G10/SCIN/UCN3/TNFRSF11A/BMP2/SRI/P2RX4/TRPM4/MAP2K6/ACHE/SMPD3/GNA11/F2RL1/CFTR/HLA-F/ILDR1/KLRC2/VPS4B/GIPR/ABCG1/RAB27B/BSG/MCU/SIRT6/PCSK1/VAMP8/ADORA2B/BAD/C2CD2L/PPARG/DOC2A/TCF7L2/CD2AP/P2RY2/GOLPH3L/EXPH5/PDCD6IP/PFKFB2/S100A10",42
"GO:0046486","glycerolipid metabolic process","47/980","385/18986",0.122077922077922,2.36507288629738,6.31288349786201,3.85267553830262e-08,2.39202992484364e-05,2.15496364649006e-05,"CWH43/PLA2G10/PLA2G2A/MOGAT2/MIR192/APOBR/ITPKA/PLCD1/PLCE1/PIGZ/NAAA/GDPD3/ABHD3/SLC44A4/LIPH/LPCAT4/CAPN2/MBOAT1/CDS1/IMPA1/PITPNM3/MTM1/CPT1A/PIP5K1B/PLA2G4F/IMPA2/GAL3ST1/MTMR11/PLD1/SLC22A4/INPP5J/MOGAT3/SLC44A1/DGKQ/DGKA/NAPEPLD/AVIL/MBOAT2/SH3YL1/LPIN3/PGAP3/CLN3/DGAT1/ABHD5/TTC7A/PIGN/BPNT1",47
"GO:0016266","O-glycan processing","13/980","40/18986",0.325,6.29637755102041,7.82275774035404,5.5834543276453e-08,3.08144640504602e-05,2.77605430956961e-05,"B3GNT7/B3GNT6/GCNT3/ST3GAL4/GALNT8/GALNT12/GALNT5/GALNT7/B3GNT8/GALNT3/GCNT1/ST6GALNAC4/GALNT4",13
"GO:0006644","phospholipid metabolic process","44/980","374/18986",0.117647058823529,2.27923169267707,5.82905569992797,3.00550116778693e-07,0.000149283243003977,0.000134488268044866,"CWH43/PLA2G10/PLA2G2A/ITPKA/PLCD1/PLCE1/PIGZ/NAAA/GDPD3/ABHD3/SLC44A4/LIPH/SMPD3/LPCAT4/CAPN2/DHDDS/SMPDL3B/MBOAT1/CHP1/CDS1/IMPA1/PITPNM3/MTM1/PIP5K1B/PLA2G4F/IMPA2/MTMR11/PLD1/INPP5J/SLC44A1/DGKQ/DGKA/NAPEPLD/MBOAT2/SH3YL1/PLBD1/PGAP3/DOLPP1/CLN3/ABHD5/TTC7A/PRKCD/PIGN/BPNT1",44
"GO:0009312","oligosaccharide biosynthetic process","10/980","27/18986",0.37037037037037,7.17535903250189,7.49110866302833,4.84010879794527e-07,0.000209727658929761,0.000188942235196595,"B3GALT5/B4GALNT2/ST6GALNAC1/ST3GAL4/B3GALT1/B3GALT4/FUT2/FUT3/MPDU1/FUT6",10
"GO:0006650","glycerophospholipid metabolic process","37/980","294/18986",0.125850340136054,2.43815771206442,5.79778370366446,5.06690538988752e-07,0.000209727658929761,0.000188942235196595,"CWH43/PLA2G10/PLA2G2A/ITPKA/PLCD1/PLCE1/PIGZ/NAAA/GDPD3/ABHD3/SLC44A4/LIPH/LPCAT4/CAPN2/MBOAT1/CDS1/IMPA1/PITPNM3/MTM1/PIP5K1B/PLA2G4F/IMPA2/MTMR11/PLD1/INPP5J/SLC44A1/DGKQ/DGKA/NAPEPLD/MBOAT2/SH3YL1/PGAP3/CLN3/ABHD5/TTC7A/PIGN/BPNT1",37
"GO:0006493","protein O-linked glycosylation","19/980","100/18986",0.19,3.68095918367347,6.27090071956029,7.30723046193483e-07,0.000279192413111002,0.000251522564321336,"B3GNT7/B3GNT6/B3GALT5/GCNT3/ST3GAL4/GALNT8/GALNT12/B3GALT1/B3GALT4/GALNT5/GALNT7/B3GNT8/FUT3/FUT6/GALNT3/GCNT1/ST6GALNAC4/TET2/GALNT4",19
"GO:0045017","glycerolipid biosynthetic process","32/980","240/18986",0.133333333333333,2.58312925170068,5.75807614468157,8.2864370930579e-07,0.000293990950294419,0.000264854466786385,"CWH43/MOGAT2/ITPKA/PLCE1/PIGZ/ABHD3/SLC44A4/LIPH/LPCAT4/CAPN2/CDS1/IMPA1/PITPNM3/MTM1/PIP5K1B/IMPA2/PLD1/INPP5J/MOGAT3/SLC44A1/DGKQ/DGKA/AVIL/SH3YL1/LPIN3/PGAP3/CLN3/DGAT1/ABHD5/TTC7A/PIGN/BPNT1",32
"GO:0051223","regulation of protein transport","48/980","446/18986",0.10762331838565,2.08503706415302,5.40962117986064,1.22159161823691e-06,0.000386256257504502,0.000347975660549444,"CHGA/CHP2/ADTRP/GCG/KRT20/CWH43/ARHGAP44/FAM3D/UCN3/NOS2/SRI/TMEM30B/ADRA2A/TRPM4/NEO1/ANXA13/ACHE/FKBP1B/GNA11/F2RL1/CHP1/AKAP5/ACVR1C/PRR5L/SFN/CFTR/CPT1A/IFI27/HADH/GIPR/ABCG1/BSG/MCU/SIRT6/PSEN1/PCSK1/BAD/C2CD2L/UBE2J1/PPARG/PPM1A/TCF7L2/CD2AP/GOLPH3L/EXPH5/PFKFB2/CLN3/PRKCD",48
"GO:0032530","regulation of microvillus organization","7/980","13/18986",0.538461538461538,10.4318681318681,7.93617267617991,1.24692633138238e-06,0.000386256257504502,0.000347975660549444,"CDHR5/ATP8B1/PLS1/CDHR2/RAP1GAP/PLD1/KLF5",7
"GO:0051222","positive regulation of protein transport","33/980","257/18986",0.1284046692607,2.487643929167,5.60167588570357,1.32199645209916e-06,0.000386256257504502,0.000347975660549444,"CHP2/GCG/UCN3/SRI/TMEM30B/TRPM4/ANXA13/ACHE/GNA11/F2RL1/CHP1/AKAP5/PRR5L/SFN/CFTR/GIPR/ABCG1/BSG/MCU/SIRT6/PSEN1/PCSK1/BAD/C2CD2L/PPARG/PPM1A/TCF7L2/CD2AP/GOLPH3L/EXPH5/PFKFB2/CLN3/PRKCD",33
"GO:0016485","protein processing","32/980","246/18986",0.130081300813008,2.52012609922018,5.59850527162497,1.43361601589789e-06,0.000393804267891206,0.000354775612263151,"CTSE/CWH43/KLK1/IL1R2/MEP1A/PRKACB/CASP7/PRSS12/CAPN2/TMPRSS2/CASP1/F3/CTSS/GGT1/PLGRKT/AFG3L2/TMEM98/ATG4D/PTCH1/PSEN1/PCSK1/TMPRSS4/BAD/ATG4A/TBC1D10A/PRSS3/CARD16/BAK1/CAST/CLN3/IHH/S100A10",32
"GO:0072659","protein localization to plasma membrane","36/980","295/18986",0.122033898305085,2.36421999308198,5.50920413643976,1.50639844774168e-06,0.000393804267891206,0.000354775612263151,"ARHGAP44/AMN/PLS1/LGALS3/ANXA13/RAB26/TMEM59/AKAP5/ATP2C2/SFN/AGR2/PKP2/ANK3/DPP10/MRAP2/CAMK2D/BSG/SIRT6/ATP1B3/ATP1B1/PTCH1/VAMP8/WNK4/ARHGEF16/GOLPH3L/CLN3/RER1/ZDHHC23/GAK/STX3/TTC7A/LDLRAP1/OPTN/S100A10/TSPAN15/CIB1",36
"GO:0032528","microvillus organization","9/980","24/18986",0.375,7.26505102040816,7.16469780831959,1.62287265321925e-06,0.000403040423427001,0.000363096402570265,"CDHR5/ATP8B1/MYO1A/PLS1/CDHR2/RAP1GAP/ESPN/PLD1/KLF5",9
"GO:1903076","regulation of protein localization to plasma membrane","20/980","117/18986",0.170940170940171,3.31170416884703,5.85140906942453,2.14858949940982e-06,0.000508192573503266,0.000457827266265221,"ARHGAP44/PLS1/LGALS3/ANXA13/TMEM59/AKAP5/SFN/AGR2/DPP10/MRAP2/CAMK2D/SIRT6/VAMP8/WNK4/ARHGEF16/CLN3/RER1/STX3/LDLRAP1/CIB1",20
"GO:0008654","phospholipid biosynthetic process","31/980","243/18986",0.127572016460905,2.47151255563954,5.38588742910203,3.15054299510997e-06,0.000680557159851003,0.000613109361051702,"CWH43/ITPKA/PIGZ/ABHD3/SLC44A4/LIPH/LPCAT4/CAPN2/DHDDS/MBOAT1/CHP1/CDS1/IMPA1/PITPNM3/MTM1/PIP5K1B/IMPA2/PLD1/INPP5J/SLC44A1/DGKQ/DGKA/MBOAT2/SH3YL1/PGAP3/DOLPP1/CLN3/ABHD5/TTC7A/PIGN/BPNT1",31
"GO:0006664","glycolipid metabolic process","19/980","110/18986",0.172727272727273,3.34632653061225,5.75757395698136,3.27080937938321e-06,0.000680557159851003,0.000613109361051702,"CWH43/NEU4/ST3GAL4/PIGZ/FUCA1/B3GALT1/B3GALT4/GAL3ST2/FUT2/UGT8/FA2H/GAL3ST1/GBA2/B4GALT4/PGAP3/FUT6/PRKCD/ST6GALNAC4/PIGN",19
"GO:0015711","organic anion transport","48/980","462/18986",0.103896103896104,2.01282798833819,5.14160857690407,3.28837765983975e-06,0.000680557159851003,0.000613109361051702,"SLC26A3/CA4/SLC26A2/SLC4A4/FABP2/SLC17A4/PLA2G10/PLA2G2A/BEST2/ATP8B1/SLC13A2/CEACAM1/SLC16A9/TNFRSF11A/FABP1/ABCB1/NOS2/P2RX4/SLC3A1/SLC44A4/SLC25A23/MAP2K6/SLC36A1/SLC6A8/SLC39A8/GLTP/SLC35A3/SLC35A1/GIPC1/CFTR/CPT1A/SLC16A3/SLC6A7/PLA2G4F/SLC17A5/BEST4/SLC25A24/SLC52A3/PSEN1/SLC6A9/ABCC3/PPARG/SLC35B3/SLC26A6/CLN3/SLC37A1/SLC25A5/LLGL2",48
"GO:1903509","liposaccharide metabolic process","19/980","111/18986",0.171171171171171,3.31617944475087,5.70952433074758,3.75822709541459e-06,0.00074668455931697,0.000672683089793996,"CWH43/NEU4/ST3GAL4/PIGZ/FUCA1/B3GALT1/B3GALT4/GAL3ST2/FUT2/UGT8/FA2H/GAL3ST1/GBA2/B4GALT4/PGAP3/FUT6/PRKCD/ST6GALNAC4/PIGN",19
"GO:0050708","regulation of protein secretion","33/980","272/18986",0.121323529411765,2.35045768307323,5.23349525971516,4.62518898105794e-06,0.000883588987265953,0.000796019366739971,"CHGA/ADTRP/GCG/KRT20/FAM3D/UCN3/NOS2/SRI/ADRA2A/TRPM4/NEO1/ACHE/FKBP1B/GNA11/F2RL1/ACVR1C/CFTR/CPT1A/HADH/GIPR/ABCG1/BSG/MCU/SIRT6/PCSK1/BAD/C2CD2L/PPARG/TCF7L2/CD2AP/GOLPH3L/EXPH5/PFKFB2",33
"GO:1903829","positive regulation of protein localization","50/980","497/18986",0.100603621730382,1.94904118589086,5.0016841014006,5.13210843714172e-06,0.000944117874343812,0.000850549433383605,"CHP2/GCG/UCN3/SRI/TMEM30B/PLS1/GPD1L/LGALS3/TRPM4/ANXA13/ACHE/GNA11/F2RL1/CHP1/AKAP5/PRR5L/SFN/AGR2/MGAT3/CFTR/ANK3/DPP10/GIPR/ABCG1/SESN2/BSG/MCU/LIMK2/SIRT6/NEDD9/PSEN1/PCSK1/BAD/C2CD2L/PPARG/PPM1A/ARHGEF16/FZD5/TCF7L2/CD2AP/GOLPH3L/EXPH5/PFKFB2/CLN3/RER1/STX3/EIF2AK3/PRKCD/ERBB2/CIB1",50
"GO:0009247","glycolipid biosynthetic process","15/980","75/18986",0.2,3.87469387755102,5.81935302597411,5.47972404517887e-06,0.000972063904728695,0.000875725823911857,"CWH43/ST3GAL4/PIGZ/B3GALT1/B3GALT4/GAL3ST2/FUT2/UGT8/FA2H/GAL3ST1/B4GALT4/PGAP3/FUT6/ST6GALNAC4/PIGN",15
"GO:1904951","positive regulation of establishment of protein localization","37/980","327/18986",0.113149847094801,2.1921050989203,5.07287259568069,6.46799276960848e-06,0.00110781103747053,0.000998019501401295,"CHP2/GCG/UCN3/SRI/TMEM30B/TRPM4/ANXA13/ACHE/GNA11/F2RL1/CHP1/AKAP5/PRR5L/SFN/CFTR/ANK3/GIPR/ABCG1/BSG/MCU/SIRT6/PSEN1/PCSK1/BAD/C2CD2L/PPARG/PPM1A/FZD5/TCF7L2/CD2AP/GOLPH3L/EXPH5/PFKFB2/CLN3/PRKCD/ERBB2/CIB1",37
"GO:0006643","membrane lipid metabolic process","28/980","218/18986",0.128440366972477,2.48833551769332,5.15620067035339,8.18306291194133e-06,0.00135484244945375,0.0012205684364443,"CWH43/NEU4/ST3GAL4/PIGZ/NAAA/FUCA1/B3GALT1/SMPD3/B3GALT4/SGPP2/SMPDL3B/GAL3ST2/FUT2/UGT8/FA2H/GAL3ST1/FUT3/GBA2/DEGS2/ELOVL6/B4GALT4/PGAP3/FUT6/ACER3/ARV1/PRKCD/ST6GALNAC4/PIGN",28
"GO:0006821","chloride transport","20/980","128/18986",0.15625,3.02710459183673,5.36837743506589,8.8497218628203e-06,0.00141795382234285,0.00127742504715956,"CLCA1/SLC26A3/SLC26A2/CA2/CLCA4/ANO7/BEST2/CLIC5/FXYD3/ATP8B1/ABCB1/TMC4/CA7/CLCN2/CFTR/BEST4/ANO10/CLCN3/WNK4/SLC26A6",20
"GO:0050714","positive regulation of protein secretion","22/980","150/18986",0.146666666666667,2.84144217687075,5.28225168651741,9.16573846221649e-06,0.00142269446693217,0.00128169586193692,"GCG/UCN3/SRI/TRPM4/ACHE/GNA11/F2RL1/CFTR/GIPR/ABCG1/BSG/MCU/SIRT6/PCSK1/BAD/C2CD2L/PPARG/TCF7L2/CD2AP/GOLPH3L/EXPH5/PFKFB2",22
"GO:0010765","positive regulation of sodium ion transport","10/980","36/18986",0.277777777777778,5.38151927437642,6.13876608951685,9.53715698394473e-06,0.00143548662846223,0.00129322023409088,"FXYD3/GPD1L/SLC9A1/WNK2/CHP1/PKP2/ANK3/ATP1B3/ATP1B1/PRSS8",10
"GO:0046474","glycerophospholipid biosynthetic process","26/980","197/18986",0.131979695431472,2.55690458924687,5.12451766267245,1.04514143186475e-05,0.00151657184171343,0.00136626935651591,"CWH43/ITPKA/PIGZ/ABHD3/SLC44A4/LIPH/LPCAT4/CAPN2/CDS1/IMPA1/PITPNM3/MTM1/PIP5K1B/IMPA2/PLD1/INPP5J/SLC44A1/DGKQ/DGKA/SH3YL1/PGAP3/CLN3/ABHD5/TTC7A/PIGN/BPNT1",26
"GO:0015698","inorganic anion transport","24/980","174/18986",0.137931034482759,2.67220267417312,5.16958604594933,1.06865340165029e-05,0.00151657184171343,0.00136626935651591,"CLCA1/SLC26A3/SLC26A2/CA2/CLCA4/SLC4A4/SLC17A4/ANO7/BEST2/CLIC5/FXYD3/ATP8B1/ABCB1/TMC4/CA7/VDR/CLCN2/CFTR/BEST4/ANO10/CLCN3/WNK4/SLC26A6/SLC37A1",24
"GO:1990778","protein localization to cell periphery","39/980","362/18986",0.107734806629834,2.08719697823881,4.87231946519431,1.1737956657645e-05,0.00158052583938095,0.00142388508221809,"ARHGAP44/AMN/PLS1/LGALS3/ANXA13/RAB26/TMEM59/AKAP5/ATP2C2/SFN/AGR2/PKP2/ANK3/DPP10/MRAP2/CAMK2D/BSG/CLSTN1/SIRT6/ATP1B3/ATP1B1/PTCH1/BBIP1/VAMP8/WNK4/ARHGEF16/GOLPH3L/CLN3/RER1/ZDHHC23/GAK/STX3/TTC7A/LDLRAP1/OPTN/ERBB2/S100A10/TSPAN15/CIB1",39
"GO:0070254","mucus secretion","7/980","17/18986",0.411764705882353,7.97731092436975,6.71428906469838,1.17735969512976e-05,0.00158052583938095,0.00142388508221809,"MUC2/SCNN1B/AGR2/HTR4/VAMP8/P2RY2/TRAF3IP2",7
"GO:0006066","alcohol metabolic process","39/980","363/18986",0.107438016528926,2.08144712430427,4.85337106591316,1.25142795840844e-05,0.00163574807089861,0.00147363441861337,"AQP8/AKR1B10/SCNN1B/DHRS9/SULT1B1/HSD11B2/MOGAT2/APOBR/ITPKA/NAAA/GDPD3/BMP2/LIMA1/ABCA5/SULT1A4/RETSAT/GFI1/SGPP2/DHDDS/AKR1C3/CLCN2/CFTR/IMPA1/IDH3A/ACO2/ABCG1/IMPA2/ACSS2/INPP5J/TPK1/MOGAT3/GBA2/DEGS2/DGKQ/NAPEPLD/DGAT1/ACER3/LDLRAP1/ARV1",39
"GO:0016042","lipid catabolic process","38/980","351/18986",0.108262108262108,2.09741264026978,4.84137288563578,1.35498582234453e-05,0.00172569604604751,0.00155466794353215,"AKR1B10/ADTRP/HPGD/PLA2G10/PLA2G2A/NEU4/PLCD1/PLCE1/NAAA/PLCD3/GDPD3/FABP1/ABHD3/FUCA1/ADRA2A/LIPH/SMPD3/SGPP2/PAFAH2/SMPDL3B/CYP4F12/AKR1C3/CPT1A/HADH/PLA2G4F/HSD17B11/SESN2/PLD1/SIRT6/ECH1/GBA2/NAPEPLD/LPIN3/PLBD1/ABHD5/ACER3/AUH/PRKCD",38
"GO:0001508","action potential","24/980","177/18986",0.135593220338983,2.62691110342442,5.0731455064023,1.43164239192777e-05,0.00173438238065982,0.0015624934038729,"SRI/P2RX4/GPD1L/AKAP7/DSC2/TRPM4/SLC9A1/NEDD4L/FKBP1B/GNA11/KCNS3/CLCN2/PKP2/ANK3/KCNG1/USP53/CAMK2D/AKAP9/ATP1B1/GNAQ/KCNJ2/GNA14/CLN3/DSG2",24
"GO:0006820","monoatomic anion transport","24/980","177/18986",0.135593220338983,2.62691110342442,5.0731455064023,1.43164239192777e-05,0.00173438238065982,0.0015624934038729,"CLCA1/SLC26A3/SLC26A2/CA2/CLCA4/SLC4A4/SLC17A4/ANO7/BEST2/CLIC5/FXYD3/ATP8B1/ABCB1/TMC4/CA7/CLCN2/CFTR/SLC17A5/BEST4/ANO10/CLCN3/ABCC3/WNK4/SLC26A6",24
"GO:0007586","digestion","21/980","144/18986",0.145833333333333,2.82529761904762,5.12933600705821,1.58916294660281e-05,0.00187937437042289,0.00169311571077908,"MUC2/FABP2/SI/MUC4/SST/GCNT3/CAPN9/MOGAT2/UCN3/FABP1/LIMA1/SLC22A5/PLS1/ADRA2A/TFF3/VDR/MUC13/HTR4/WNK4/PRSS3/SLC26A6",21
"GO:0006814","sodium ion transport","30/980","251/18986",0.119521912350598,2.31555411009025,4.89472665208778,1.65888229918247e-05,0.00188587597138124,0.00169897295928744,"SLC4A4/SCNN1B/SLC9A3/SLC17A4/SLC9A2/MIR192/FXYD3/SLC13A2/CNNM4/P2RX4/SLC22A5/GPD1L/TRPM4/SLC6A8/SLC9A1/NEDD4L/SCNN1A/WNK2/SLC6A19/CHP1/PKP2/ANK3/SLC6A7/CAMK2D/SLC22A4/ATP1B3/ATP1B1/PRSS8/SLC6A9/WNK4",30
"GO:0042886","amide transport","36/980","328/18986",0.109756097560976,2.12635639621702,4.80053812108823,1.68369940760806e-05,0.00188587597138124,0.00169897295928744,"AQP8/CHGA/CA2/GCG/EDN3/CWH43/FAM3D/UCN3/SLC15A1/ABCB1/NOS2/SRI/ADRA2A/TRPM4/SMPD3/GLTP/FKBP1B/PTPRN2/GNA11/F2RL1/ACVR1C/CFTR/ILDR1/CPT1A/HADH/GIPR/MCU/SIRT6/BAD/C2CD2L/TCF7L2/SLC26A6/CDH17/PFKFB2/CLN3/HNF1B",36
"GO:0002028","regulation of sodium ion transport","15/980","82/18986",0.182926829268293,3.54392732702837,5.38572889330643,1.70856490260028e-05,0.00188587597138124,0.00169897295928744,"MIR192/FXYD3/P2RX4/GPD1L/SLC9A1/NEDD4L/WNK2/CHP1/PKP2/ANK3/CAMK2D/ATP1B3/ATP1B1/PRSS8/WNK4",15
"GO:0009311","oligosaccharide metabolic process","13/980","64/18986",0.203125,3.93523596938775,5.48730631636692,1.92494539292932e-05,0.0020785225579739,0.00187252697147427,"B3GALT5/SI/B4GALNT2/ST6GALNAC1/NEU4/ST3GAL4/B3GALT1/B3GALT4/FUT2/FUT3/MPDU1/FUT6/ST6GALNAC4",13
"GO:0034308","primary alcohol metabolic process","17/980","103/18986",0.16504854368932,3.19756290865861,5.21715990223896,1.97571682954177e-05,0.00208795436007106,0.00188102401845063,"AKR1B10/SCNN1B/DHRS9/SULT1B1/HSD11B2/NAAA/GDPD3/BMP2/SULT1A4/RETSAT/AKR1C3/CLCN2/ACSS2/TPK1/DGKQ/NAPEPLD/DGAT1",17
"GO:0051345","positive regulation of hydrolase activity","36/980","331/18986",0.108761329305136,2.1070842838646,4.74031030003114,2.05215860719365e-05,0.00212355662540226,0.00191309785946935,"CHP2/ARHGAP44/ATP2A3/XDH/BMP2/EGLN3/FAM162A/TNFSF10/RAP1GAP/F2RL1/ACVR1C/CASP1/F3/RHOC/TAX1BP3/LGALS9/SGSM3/GRAMD4/FGFR3/PPARGC1B/BCL2L11/NET1/BCL10/CLDN3/BAD/TBC1D10A/RALGAPA1/ARHGEF16/BAK1/SH3BP1/ASAP2/EIF2AK3/DENND1B/PRKCD/S100A10/ADAP1",36
"GO:0035725","sodium ion transmembrane transport","24/980","188/18986",0.127659574468085,2.47320885801129,4.73584128468373,3.91852216995398e-05,0.00397210196289008,0.00357843990214272,"SLC4A4/SCNN1B/SLC9A3/SLC17A4/SLC9A2/MIR192/FXYD3/SLC13A2/CNNM4/TRPM4/SLC6A8/SLC9A1/NEDD4L/SCNN1A/WNK2/SLC6A19/CHP1/ANK3/SLC6A7/CAMK2D/ATP1B3/ATP1B1/SLC6A9/WNK4",24
"GO:0043270","positive regulation of monoatomic ion transport","26/980","215/18986",0.12093023255814,2.34283815851922,4.61964831272533,4.8669940324533e-05,0.0048348718718391,0.00435570350146505,"GCG/EDN3/LRRC26/FXYD3/SRI/P2RX4/GPD1L/ADRA2A/LGALS3/AKAP7/SLC9A1/WNK2/CHP1/AKAP5/ATP2C2/CFTR/PKP2/ANK3/CTSS/AKAP9/ATP1B3/ATP1B1/ATP2B1/PRSS8/KCNJ2/BAK1",26
"GO:0046434","organophosphate catabolic process","28/980","242/18986",0.115702479338843,2.24155844155844,4.53475081971648,5.62839357497222e-05,0.00548161389938961,0.00493834903760721,"SLC4A4/ENTPD8/SMPDL3A/PLA2G10/ENTPD5/GDPD3/PDE9A/XDH/GPD1L/SMPD3/SUCLG2/ENPP3/SMPDL3B/HK2/GDA/PLA2G4F/PLD1/PDE8A/SIRT6/PSEN1/NAPEPLD/NUDT18/NUDT12/PLBD1/NCOR1/PFKFB2/ENTPD4/PRKCD",28
"GO:0045921","positive regulation of exocytosis","14/980","81/18986",0.172839506172839,3.34850088183422,4.94145235005567,6.23125104342815e-05,0.00595204306398224,0.00536215550316054,"CD177/SMPD3/F2RL1/CFTR/HLA-F/KLRC2/VPS4B/RAB27B/VAMP8/ADORA2B/DOC2A/EXPH5/PDCD6IP/S100A10",14
"GO:0038127","ERBB signaling pathway","19/980","136/18986",0.139705882352941,2.70658763505402,4.65963702273354,7.2280620638779e-05,0.00677392156061916,0.00610258030457695,"PIGR/PLCE1/CEACAM1/PTPRR/ADRA2A/ZFYVE28/PTK2B/AGR2/GAB1/MAPK3/GPRC5A/TGFA/PSEN1/FAM83B/PTPN18/IQGAP1/ERBB2/DAB2IP/MVP",19
"GO:1902307","positive regulation of sodium ion transmembrane transport","7/980","22/18986",0.318181818181818,6.16428571428571,5.65413722298583,8.22445235532094e-05,0.00754073200858978,0.00679339467189029,"FXYD3/SLC9A1/WNK2/CHP1/ANK3/ATP1B3/ATP1B1",7
"GO:0015701","bicarbonate transport","9/980","37/18986",0.243243243243243,4.71246552675124,5.27326818966031,8.41873653170581e-05,0.00754073200858978,0.00679339467189029,"SLC26A3/CA4/SLC26A2/SLC4A4/BEST2/SLC39A8/CFTR/BEST4/SLC26A6",9
"GO:0050796","regulation of insulin secretion","22/980","173/18986",0.127167630057803,2.46367818803822,4.51179481127166,8.58971343715502e-05,0.00754073200858978,0.00679339467189029,"CHGA/GCG/FAM3D/UCN3/NOS2/SRI/ADRA2A/TRPM4/FKBP1B/GNA11/F2RL1/ACVR1C/CFTR/CPT1A/HADH/GIPR/MCU/SIRT6/BAD/C2CD2L/TCF7L2/PFKFB2",22
"GO:0071692","protein localization to extracellular region","38/980","382/18986",0.0994764397905759,1.92720376108559,4.2708411282854,8.65354790597176e-05,0.00754073200858978,0.00679339467189029,"CHGA/ADTRP/GCG/KRT20/CWH43/FAM3D/UCN3/NOS2/SRI/ADRA2A/TRPM4/NEO1/ACHE/GNPTAB/FKBP1B/PTPRN2/GNA11/F2RL1/ACVR1C/CFTR/CPT1A/HADH/GIPR/ABCG1/BSG/MCU/SIRT6/PCSK1/BAD/C2CD2L/PPARG/TCF7L2/CD2AP/GOLPH3L/EXPH5/PFKFB2/NBL1/HNF1B",38
"GO:0030641","regulation of cellular pH","15/980","94/18986",0.159574468085106,3.09151107251411,4.74236352974999,8.93886249726907e-05,0.00765505690067853,0.00689638919707637,"SLC26A3/CA2/SLC4A4/SLC9A3/SLC9A2/SLC9A1/CA7/CHP1/CFTR/MAPK3/CLCN3/ATP6V0D2/ATP6V0D1/SLC26A6/CLN3",15
"GO:0006487","protein N-linked glycosylation","13/980","74/18986",0.175675675675676,3.4034473248759,4.83271800543907,9.50969875552201e-05,0.00789566315218305,0.00711314974832423,"CWH43/B4GALNT2/ENTPD5/SLC39A8/DHDDS/MGAT4A/MGAT3/GAL3ST1/FUT3/UBE2J1/MPDU1/DOLPP1/FUT6",13
"GO:0030033","microvillus assembly","6/980","16/18986",0.375,7.26505102040816,5.8487176174522,9.53774489895274e-05,0.00789566315218305,0.00711314974832423,"ATP8B1/MYO1A/RAP1GAP/ESPN/PLD1/KLF5",6
"GO:0044242","cellular lipid catabolic process","27/980","238/18986",0.113445378151261,2.19783056079575,4.33826533914816,0.00010608731739881,0.00860267140721402,0.00775008872284802,"AKR1B10/ADTRP/PLA2G10/NEU4/GDPD3/FABP1/ABHD3/FUCA1/SMPD3/SGPP2/SMPDL3B/CYP4F12/AKR1C3/CPT1A/HADH/PLA2G4F/SESN2/PLD1/ECH1/GBA2/NAPEPLD/LPIN3/PLBD1/ABHD5/ACER3/AUH/PRKCD",27
"GO:0030048","actin filament-based movement","19/980","140/18986",0.135714285714286,2.62925655976676,4.51391751114406,0.000107381845630616,0.00860267140721402,0.00775008872284802,"MYO1A/SRI/GPD1L/DSC2/TRPM4/SLC9A1/NEDD4L/MYO1D/PKP2/MYO5B/WASL/CAMK2D/AKAP9/MYO7B/KCNJ2/MYO5C/SYNE2/CCDC88C/DSG2",19
"GO:0043603","amide metabolic process","44/980","472/18986",0.0932203389830508,1.80600138360429,4.13681760155894,0.000113671081066002,0.00896197237547354,0.00807378054488848,"MEP1A/ETHE1/NEU4/NAAA/GGT6/XDH/GNE/B3GALT1/ACSF2/SMPD3/B3GALT4/SUCLG2/SMPDL3B/SLC2A13/GDA/NANS/MGAT3/ACOT11/GGT1/UGT8/GSR/PANK3/FA2H/ABCG1/GAL3ST1/FUT3/ACSS2/TPK1/PSEN1/ACSM3/PCSK1/GBA2/DEGS2/NAPEPLD/ELOVL6/GSTM4/B4GALT4/CMAS/FUT6/DGAT1/ACER3/FAR2/PRKCD/ST6GALNAC4",44
"GO:0043266","regulation of potassium ion transport","16/980","107/18986",0.149532710280374,2.89696738508487,4.59062666868322,0.000116978498192006,0.00907862813312019,0.00817887493115487,"EDN3/LRRC26/ADRA2A/AKAP7/NEDD4L/KCNS3/PTK2B/ANK3/KCNG1/DPP10/AKAP9/ATP1B3/ATP1B1/KCNJ2/WNK4/CAB39",16
"GO:1904375","regulation of protein localization to cell periphery","20/980","153/18986",0.130718954248366,2.53247965853008,4.44007592392126,0.000121148890398583,0.0092576390555348,0.00834014466533404,"ARHGAP44/PLS1/LGALS3/ANXA13/TMEM59/AKAP5/SFN/AGR2/DPP10/MRAP2/CAMK2D/SIRT6/VAMP8/WNK4/ARHGEF16/CLN3/RER1/STX3/LDLRAP1/CIB1",20
"GO:0072584","caveolin-mediated endocytosis","5/980","11/18986",0.454545454545455,8.80612244897959,6.04157992817847,0.000129050278973836,0.00971201114640978,0.00874948542133618,"PROM2/NEDD4L/MAPK3/PACSIN2/CLN3",5
"GO:0048732","gland development","42/980","450/18986",0.0933333333333333,1.80819047619048,4.04782464763041,0.000157126381834855,0.0114221461051142,0.010290134486101,"HOXB13/CDKN2B/UGT1A10/UGT1A8/CEACAM1/SOSTDC1/XDH/BMP2/TFCP2L1/RAP1GAP/CRIP1/HOXA5/HK2/ATP2C2/VDR/RPS6KA1/CLCN2/HOXA13/CPT1A/ACO2/FA2H/INSM1/HOXB9/MAPK3/HOXA3/TGFA/BCL2L11/PTCH1/MESP1/PSEN1/WNT10A/PCSK1/MAN2A1/FOXA1/RIPK3/ZBTB7B/CD2AP/IHH/PPDPF/HNF1B/COBL/IGSF3",42
"GO:0015833","peptide transport","29/980","270/18986",0.107407407407407,2.08085411942555,4.17303629117695,0.000157796706579204,0.0114221461051142,0.010290134486101,"CHGA/GCG/EDN3/CWH43/FAM3D/UCN3/SLC15A1/NOS2/SRI/ADRA2A/TRPM4/SMPD3/FKBP1B/PTPRN2/GNA11/F2RL1/ACVR1C/CFTR/ILDR1/CPT1A/HADH/GIPR/MCU/SIRT6/BAD/C2CD2L/TCF7L2/PFKFB2/HNF1B",29
"GO:0002790","peptide secretion","28/980","257/18986",0.108949416342412,2.11072818232351,4.18241163258532,0.00015990693437019,0.0114221461051142,0.010290134486101,"CHGA/GCG/EDN3/CWH43/FAM3D/UCN3/NOS2/SRI/ADRA2A/TRPM4/SMPD3/FKBP1B/PTPRN2/GNA11/F2RL1/ACVR1C/CFTR/ILDR1/CPT1A/HADH/GIPR/MCU/SIRT6/BAD/C2CD2L/TCF7L2/PFKFB2/HNF1B",28
"GO:0006688","glycosphingolipid biosynthetic process","9/980","40/18986",0.225,4.3590306122449,4.96129334982216,0.000160972463732231,0.0114221461051142,0.010290134486101,"B3GALT1/B3GALT4/FUT2/UGT8/FA2H/GAL3ST1/B4GALT4/FUT6/ST6GALNAC4",9
"GO:0030073","insulin secretion","24/980","206/18986",0.116504854368932,2.25710322964137,4.23220283761495,0.00016734496583917,0.0117070766946924,0.010546826534949,"CHGA/GCG/FAM3D/UCN3/NOS2/SRI/ADRA2A/TRPM4/FKBP1B/PTPRN2/GNA11/F2RL1/ACVR1C/CFTR/CPT1A/HADH/GIPR/MCU/SIRT6/BAD/C2CD2L/TCF7L2/PFKFB2/HNF1B",24
"GO:1905475","regulation of protein localization to membrane","23/980","194/18986",0.118556701030928,2.29685461813591,4.2356042135619,0.000175050361093713,0.012076043660451,0.0108792263890259,"ARHGAP44/PLS1/LGALS3/ANXA13/TMEM59/CHP1/AKAP5/SFN/AGR2/ANK3/DPP10/MRAP2/CAMK2D/SIRT6/VAMP8/WNK4/ARHGEF16/CLN3/RER1/STX3/LDLRAP1/ERBB2/CIB1",23
"GO:0055117","regulation of cardiac muscle contraction","13/980","79/18986",0.164556962025316,3.18803926633945,4.546393904478,0.000188963390939221,0.0128572762026727,0.0115830335239024,"CHGA/SRI/P2RX4/DSC2/TRPM4/SLC9A1/FKBP1B/PKP2/CAMK2D/AKAP9/ATP1B1/KCNJ2/DSG2",13
"GO:0051453","regulation of intracellular pH","14/980","90/18986",0.155555555555556,3.01365079365079,4.46714642271671,0.000200746106397313,0.0130474292521454,0.0117543411252943,"SLC26A3/CA2/SLC4A4/SLC9A3/SLC9A2/SLC9A1/CA7/CHP1/CFTR/CLCN3/ATP6V0D2/ATP6V0D1/SLC26A6/CLN3",14
"GO:1901379","regulation of potassium ion transmembrane transport","14/980","90/18986",0.155555555555556,3.01365079365079,4.46714642271671,0.000200746106397313,0.0130474292521454,0.0117543411252943,"EDN3/LRRC26/AKAP7/NEDD4L/KCNS3/ANK3/KCNG1/DPP10/AKAP9/ATP1B3/ATP1B1/KCNJ2/WNK4/CAB39",14
"GO:0022600","digestive system process","16/980","112/18986",0.142857142857143,2.76763848396501,4.37703681900152,0.000201773949609336,0.0130474292521454,0.0117543411252943,"MUC2/FABP2/MUC4/GCNT3/MOGAT2/FABP1/LIMA1/SLC22A5/PLS1/ADRA2A/TFF3/VDR/MUC13/HTR4/WNK4/SLC26A6",16
"GO:1903729","regulation of plasma membrane organization","6/980","18/18986",0.333333333333333,6.4578231292517,5.40448922350943,0.00020226536187139,0.0130474292521454,0.0117543411252943,"ATP8B1/CASP7/WASL/DNM2/PRKCD/S100A10",6
"GO:0030259","lipid glycosylation","5/980","12/18986",0.416666666666667,8.07227891156463,5.71715899699426,0.000211830845822497,0.0133185292557005,0.0119985732923575,"B4GALNT2/ST3GAL4/B3GALT1/ABO/GBA2",5
"GO:2000651","positive regulation of sodium ion transmembrane transporter activity","5/980","12/18986",0.416666666666667,8.07227891156463,5.71715899699426,0.000211830845822497,0.0133185292557005,0.0119985732923575,"SLC9A1/WNK2/CHP1/ANK3/ATP1B1",5
"GO:0009306","protein secretion","36/980","371/18986",0.0970350404312668,1.87990538533473,3.99301669454818,0.000214655967971231,0.0133274524114138,0.0120066121032329,"CHGA/ADTRP/GCG/KRT20/FAM3D/UCN3/NOS2/SRI/ADRA2A/TRPM4/NEO1/ACHE/GNPTAB/FKBP1B/PTPRN2/GNA11/F2RL1/ACVR1C/CFTR/CPT1A/HADH/GIPR/ABCG1/BSG/MCU/SIRT6/PCSK1/BAD/C2CD2L/PPARG/TCF7L2/CD2AP/GOLPH3L/EXPH5/PFKFB2/HNF1B",36
"GO:0006687","glycosphingolipid metabolic process","12/980","70/18986",0.171428571428571,3.32116618075802,4.53889689326653,0.000222617076820032,0.0135514071855621,0.0122083714506956,"NEU4/B3GALT1/B3GALT4/FUT2/UGT8/FA2H/GAL3ST1/GBA2/B4GALT4/FUT6/PRKCD/ST6GALNAC4",12
"GO:0009914","hormone transport","33/980","330/18986",0.1,1.93734693877551,4.00735469954757,0.000223796042602701,0.0135514071855621,0.0122083714506956,"CHGA/GCG/EDN3/SLC17A4/FAM3D/UCN3/NOS2/SRI/ADRA2A/LTBP4/TRPM4/SMPD3/FKBP1B/PTPRN2/GNA11/F2RL1/ACVR1C/CFTR/ILDR1/CPT1A/HADH/GIPR/CRYM/MCU/SIRT6/VAMP8/BAD/WNK4/C2CD2L/PPARG/TCF7L2/PFKFB2/HNF1B",33
"GO:0002685","regulation of leukocyte migration","26/980","236/18986",0.110169491525424,2.13436527153234,4.09089189704776,0.000226447915522782,0.0135514071855621,0.0122083714506956,"ADTRP/EDN3/PADI2/MMP28/CCL28/ST3GAL4/EDN2/P2RX4/LGALS3/SMPD3/F2RL1/PTGER4/MADCAM1/PTK2B/S100A14/DAPK2/LGALS9/MAPK3/WASL/MCU/CAMK1D/NEDD9/RIPK3/HOXA7/GCNT1/NBL1",26
"GO:0006665","sphingolipid metabolic process","21/980","173/18986",0.121387283236994,2.35169281585467,4.16659938150763,0.000237791215660472,0.0138422032148361,0.0124703476346558,"NEU4/NAAA/B3GALT1/SMPD3/B3GALT4/SGPP2/SMPDL3B/FUT2/UGT8/FA2H/GAL3ST1/FUT3/GBA2/DEGS2/ELOVL6/B4GALT4/FUT6/ACER3/ARV1/PRKCD/ST6GALNAC4",21
"GO:0015748","organophosphate ester transport","21/980","173/18986",0.121387283236994,2.35169281585467,4.16659938150763,0.000237791215660472,0.0138422032148361,0.0124703476346558,"PLA2G10/ANO7/ATP8B1/ATP8A1/ABCB1/TMEM30B/SLC44A4/SLC25A23/GLTP/SLC35A3/SLC35A1/PITPNM3/ABCG1/SLC25A24/PRELID2/ATP10B/C2CD2L/SLC35B3/SLC37A1/SLC25A5/PRKCD",21
"GO:0030072","peptide hormone secretion","27/980","250/18986",0.108,2.09233469387755,4.05599124368037,0.000239667702129234,0.0138422032148361,0.0124703476346558,"CHGA/GCG/EDN3/FAM3D/UCN3/NOS2/SRI/ADRA2A/TRPM4/SMPD3/FKBP1B/PTPRN2/GNA11/F2RL1/ACVR1C/CFTR/ILDR1/CPT1A/HADH/GIPR/MCU/SIRT6/BAD/C2CD2L/TCF7L2/PFKFB2/HNF1B",27
"GO:0046467","membrane lipid biosynthetic process","19/980","149/18986",0.12751677852349,2.47044240514998,4.2038285908379,0.000245673436352802,0.0138493664411978,0.0124768009370332,"CWH43/ST3GAL4/PIGZ/B3GALT1/B3GALT4/GAL3ST2/FUT2/UGT8/FA2H/GAL3ST1/DEGS2/ELOVL6/B4GALT4/PGAP3/FUT6/ACER3/PRKCD/ST6GALNAC4/PIGN",19
"GO:0007173","epidermal growth factor receptor signaling pathway","16/980","114/18986",0.140350877192982,2.71908342284282,4.29487105804402,0.000248333449498841,0.0138493664411978,0.0124768009370332,"PIGR/PLCE1/CEACAM1/ADRA2A/ZFYVE28/PTK2B/AGR2/GAB1/GPRC5A/TGFA/PSEN1/FAM83B/IQGAP1/ERBB2/DAB2IP/MVP",16
"GO:2001056","positive regulation of cysteine-type endopeptidase activity","16/980","114/18986",0.140350877192982,2.71908342284282,4.29487105804402,0.000248333449498841,0.0138493664411978,0.0124768009370332,"ATP2A3/XDH/EGLN3/FAM162A/TNFSF10/ACVR1C/CASP1/F3/LGALS9/GRAMD4/BCL2L11/BCL10/BAD/TBC1D10A/BAK1/EIF2AK3",16
"GO:0035592","establishment of protein localization to extracellular region","36/980","374/18986",0.0962566844919786,1.86482593037215,3.94073923257143,0.000250944831831649,0.0138493664411978,0.0124768009370332,"CHGA/ADTRP/GCG/KRT20/FAM3D/UCN3/NOS2/SRI/ADRA2A/TRPM4/NEO1/ACHE/GNPTAB/FKBP1B/PTPRN2/GNA11/F2RL1/ACVR1C/CFTR/CPT1A/HADH/GIPR/ABCG1/BSG/MCU/SIRT6/PCSK1/BAD/C2CD2L/PPARG/TCF7L2/CD2AP/GOLPH3L/EXPH5/PFKFB2/HNF1B",36
"GO:0006631","fatty acid metabolic process","38/980","405/18986",0.0938271604938272,1.81775762156715,3.88085383436415,0.000285847754007726,0.0155955263688055,0.0140499046536175,"ADTRP/UGT1A10/FABP2/UGT1A8/HPGD/PLA2G10/CEACAM1/NAAA/FABP1/ABHD3/EDN2/APPL2/ACSF2/CES2/CYP4F12/AKR1C3/ACOT11/CPT1A/GGT1/HADH/PLA2G4F/FA2H/SESN2/ACSS2/TPK1/ECH1/ACSM3/PPARG/ELOVL6/GSTM4/LPIN3/NCOR1/ABHD5/MGST3/AUH/LIAS/PTGR2/SLC45A3",38
"GO:0006040","amino sugar metabolic process","9/980","43/18986",0.209302325581395,4.05491219743711,4.67862563803525,0.000288864188832315,0.0155955263688055,0.0140499046536175,"CHST5/B4GALNT2/GNE/SLC35A3/NANS/MGAT3/UAP1/CMAS/FN3K",9
"GO:0043269","regulation of monoatomic ion transport","43/980","480/18986",0.0895833333333333,1.73553996598639,3.80785437175827,0.000321292434267625,0.0171398431822476,0.0154411692682726,"CA2/GCG/EDN3/LRRC26/MIR192/FXYD3/ATP8B1/ABCB1/SRI/P2RX4/GPD1L/ADRA2A/LGALS3/AKAP7/SLC9A1/NEDD4L/FKBP1B/WNK2/CA7/CHP1/AKAP5/KCNS3/ATP2C2/PTK2B/CFTR/PKP2/ANK3/CTSS/KCNG1/DPP10/AFG3L2/CAMK2D/AKAP9/ATP1B3/ATP1B1/ATP2B1/PRSS8/SLC6A9/TSPAN13/KCNJ2/WNK4/BAK1/CAB39",43
"GO:0010960","magnesium ion homeostasis","5/980","13/18986",0.384615384615385,7.45133437990581,5.42828874565359,0.00032962103945924,0.0171398431822476,0.0154411692682726,"EDN3/CNNM4/CNNM2/ANK3/XK",5
"GO:0086004","regulation of cardiac muscle cell contraction","8/980","35/18986",0.228571428571429,4.42822157434402,4.73583492240037,0.000331271380208529,0.0171398431822476,0.0154411692682726,"SRI/DSC2/TRPM4/PKP2/CAMK2D/AKAP9/KCNJ2/DSG2",8
"GO:2000649","regulation of sodium ion transmembrane transporter activity","8/980","35/18986",0.228571428571429,4.42822157434402,4.73583492240037,0.000331271380208529,0.0171398431822476,0.0154411692682726,"MIR192/SLC9A1/NEDD4L/WNK2/CHP1/ANK3/CAMK2D/ATP1B1",8
"GO:0016540","protein autoprocessing","7/980","27/18986",0.259259259259259,5.02275132275132,4.8798567216038,0.000341457838406284,0.0173234486112434,0.015606578162482,"CTSE/CAPN2/TMPRSS2/CASP1/AFG3L2/PCSK1/IHH",7
"GO:0097035","regulation of membrane lipid distribution","11/980","63/18986",0.174603174603175,3.38266925817946,4.41925189882698,0.000341795442702206,0.0173234486112434,0.015606578162482,"ANO7/ATP8B1/ATP8A1/ABCB1/TMEM30B/TLCD2/ABCG1/ATP10B/GBA2/ARV1/PRKCD",11
"GO:0050892","intestinal absorption","9/980","44/18986",0.204545454545455,3.96275510204082,4.59006560062113,0.00034670766222871,0.0173692011375816,0.0156477963052694,"FABP2/GCNT3/MOGAT2/FABP1/LIMA1/PLS1/ADRA2A/VDR/SLC26A6",9
"GO:0006885","regulation of pH","15/980","106/18986",0.141509433962264,2.74152868694648,4.19461674283007,0.000350472665758897,0.0173692011375816,0.0156477963052694,"SLC26A3/CA2/SLC4A4/SLC9A3/SLC9A2/SLC9A1/CA7/CHP1/CFTR/MAPK3/CLCN3/ATP6V0D2/ATP6V0D1/SLC26A6/CLN3",15
"GO:0032411","positive regulation of transporter activity","13/980","84/18986",0.154761904761905,2.99827502429543,4.28204019471771,0.00035318890978372,0.0173692011375816,0.0156477963052694,"LRRC26/SGK2/AKAP7/SLC9A1/WNK2/CHP1/CFTR/ANK3/CTSS/AKAP9/ATP1B3/ATP1B1/PRKCD",13
"GO:0090276","regulation of peptide hormone secretion","23/980","204/18986",0.112745098039216,2.18426370548219,3.96736630757895,0.000365705442372341,0.0178084209045433,0.0160434864347247,"CHGA/GCG/FAM3D/UCN3/NOS2/SRI/ADRA2A/TRPM4/FKBP1B/GNA11/F2RL1/ACVR1C/CFTR/ILDR1/CPT1A/HADH/GIPR/MCU/SIRT6/BAD/C2CD2L/TCF7L2/PFKFB2",23
"GO:0030858","positive regulation of epithelial cell differentiation","12/980","74/18986",0.162162162162162,3.14164368450083,4.30629782820659,0.000379976001361056,0.0183236970753433,0.0165076952660792,"CDKN2B/ATOH1/ACVRL1/BMP2/CD24/VDR/SFN/PROM1/PTCH1/MESP1/BAD/OVOL2",12
"GO:1902305","regulation of sodium ion transmembrane transport","10/980","54/18986",0.185185185185185,3.58767951625094,4.44241202159943,0.000386050327085125,0.0184376151406905,0.0166103232837942,"MIR192/FXYD3/SLC9A1/NEDD4L/WNK2/CHP1/ANK3/CAMK2D/ATP1B3/ATP1B1",10
"GO:0045216","cell-cell junction organization","24/980","218/18986",0.110091743119266,2.1328590151657,3.92468522317217,0.000392152087157167,0.0185482503765002,0.0167099938224921,"CD177/TMIGD1/CLDN8/CLDN23/ACVRL1/CLDN7/MARVELD3/F2RL1/PKP2/TJP3/TLN2/ILDR1/RHOC/UGT8/OCEL1/CLDN3/FZD5/CD2AP/PDCD6IP/CDH17/MPP7/PLEKHA7/DSG2/GJB2",24
"GO:2000116","regulation of cysteine-type endopeptidase activity","20/980","167/18986",0.119760479041916,2.32017597458145,3.99761996166066,0.000395835421765457,0.0185482503765002,0.0167099938224921,"ATP2A3/FABP1/XDH/EGLN3/FAM162A/TNFSF10/ACVR1C/CASP1/F3/LGALS9/SH3RF1/GRAMD4/BCL2L11/BCL10/BAD/TBC1D10A/CARD16/BAK1/CAST/EIF2AK3",20
"GO:0002064","epithelial cell development","24/980","219/18986",0.10958904109589,2.12311993290467,3.89996294978401,0.000419411653581315,0.0194693241433494,0.0175397829746598,"HOXB13/TMIGD1/SPDEF/TFCP2L1/F2RL1/HOXA5/SFN/TJP3/HOXA13/INSM1/DLL1/SIPA1L3/FOXA1/CLDN3/BAD/KLF5/FZD5/FLNB/DACT2/CCDC88C/EXPH5/IHH/IQGAP1/SPINT2",24
"GO:0060575","intestinal epithelial cell differentiation","7/980","28/18986",0.25,4.84336734693878,4.74793066197664,0.000435164506801634,0.0200135380118863,0.01803006158298,"PYY/TMIGD1/SPDEF/HOXA5/KLF5/FZD5/CDX2",7
"GO:0009952","anterior/posterior pattern specification","24/980","220/18986",0.109090909090909,2.1134693877551,3.87537275495822,0.000448318481494112,0.020055528712629,0.0180678907224282,"LEFTY1/BMP2/WNT2B/HOXA6/HOXA5/NRARP/LEFTY2/BHLHE41/DMRT2/HOXB9/CDX1/HOXA3/HOXB5/PLXNA2/DLL1/HES2/MESP1/PSEN1/FZD5/HOXA7/CDX2/HOXB7/HNF1B/COBL",24
"GO:0002791","regulation of peptide secretion","23/980","207/18986",0.111111111111111,2.15260770975057,3.88991559272103,0.000450612697463215,0.020055528712629,0.0180678907224282,"CHGA/GCG/FAM3D/UCN3/NOS2/SRI/ADRA2A/TRPM4/FKBP1B/GNA11/F2RL1/ACVR1C/CFTR/ILDR1/CPT1A/HADH/GIPR/MCU/SIRT6/BAD/C2CD2L/TCF7L2/PFKFB2",23
"GO:0090087","regulation of peptide transport","23/980","207/18986",0.111111111111111,2.15260770975057,3.88991559272103,0.000450612697463215,0.020055528712629,0.0180678907224282,"CHGA/GCG/FAM3D/UCN3/NOS2/SRI/ADRA2A/TRPM4/FKBP1B/GNA11/F2RL1/ACVR1C/CFTR/ILDR1/CPT1A/HADH/GIPR/MCU/SIRT6/BAD/C2CD2L/TCF7L2/PFKFB2",23
"GO:1903078","positive regulation of protein localization to plasma membrane","11/980","65/18986",0.169230769230769,3.27858712715856,4.29299112502344,0.000452228551603472,0.020055528712629,0.0180678907224282,"PLS1/LGALS3/ANXA13/AKAP5/AGR2/DPP10/ARHGEF16/CLN3/RER1/STX3/CIB1",11
"GO:0009225","nucleotide-sugar metabolic process","9/980","46/18986",0.195652173913043,3.79046140195209,4.42053327343028,0.000491175091922925,0.0214548791676406,0.019328556121272,"B4GALNT2/ENTPD5/GNE/UGDH/SLC35A3/NANS/MPI/UAP1/CMAS",9
"GO:0003382","epithelial cell morphogenesis","8/980","37/18986",0.216216216216216,4.1888582460011,4.52952482085104,0.000495861844359277,0.0214548791676406,0.019328556121272,"HOXA13/SIPA1L3/CLDN3/FLNB/DACT2/CCDC88C/IHH/SPINT2",8
"GO:0098661","inorganic anion transmembrane transport","17/980","133/18986",0.12781954887218,2.47630811723186,3.98586247482094,0.000496740709538689,0.0214548791676406,0.019328556121272,"CLCA1/SLC26A3/SLC26A2/CLCA4/ANO7/BEST2/CLIC5/FXYD3/TMC4/VDR/CLCN2/CFTR/BEST4/ANO10/CLCN3/SLC26A6/SLC37A1",17
"GO:0006677","glycosylceramide metabolic process","6/980","21/18986",0.285714285714286,5.53527696793003,4.85117290477044,0.000517494449264548,0.0219691874315984,0.0197918929718722,"B3GALT1/UGT8/FA2H/GAL3ST1/GBA2/PRKCD",6
"GO:0015693","magnesium ion transport","6/980","21/18986",0.285714285714286,5.53527696793003,4.85117290477044,0.000517494449264548,0.0219691874315984,0.0197918929718722,"TRPM6/CNNM4/CNNM2/NIPAL1/NIPAL2/KCNJ2",6
"GO:0043280","positive regulation of cysteine-type endopeptidase activity involved in apoptotic process","14/980","99/18986",0.141414141414141,2.73968253968254,4.04870214271933,0.000549145732514353,0.0230356906819177,0.0207526985660798,"ATP2A3/XDH/EGLN3/FAM162A/TNFSF10/ACVR1C/CASP1/F3/LGALS9/GRAMD4/BCL2L11/BCL10/BAD/EIF2AK3",14
"GO:0046879","hormone secretion","31/980","319/18986",0.0971786833855799,1.88268824771288,3.70915632886614,0.00055849758504461,0.0230356906819177,0.0207526985660798,"CHGA/GCG/EDN3/FAM3D/UCN3/NOS2/SRI/ADRA2A/LTBP4/TRPM4/SMPD3/FKBP1B/PTPRN2/GNA11/F2RL1/ACVR1C/CFTR/ILDR1/CPT1A/HADH/GIPR/MCU/SIRT6/VAMP8/BAD/WNK4/C2CD2L/PPARG/TCF7L2/PFKFB2/HNF1B",31
"GO:0032024","positive regulation of insulin secretion","13/980","88/18986",0.147727272727273,2.86198979591837,4.0843262542373,0.000560337170153377,0.0230356906819177,0.0207526985660798,"GCG/UCN3/SRI/TRPM4/GNA11/CFTR/GIPR/MCU/SIRT6/BAD/C2CD2L/TCF7L2/PFKFB2",13
"GO:0023061","signal release","43/980","493/18986",0.0872210953346856,1.689775220433,3.6202376373394,0.000561167419470917,0.0230356906819177,0.0207526985660798,"CHGA/GCG/EDN3/PLA2G10/FAM3D/UCN3/TNFRSF11A/NOS2/SRI/P2RX4/SLC44A4/ADRA2A/LTBP4/TRPM4/MAP2K6/SMPD3/FKBP1B/PTPRN2/GNA11/F2RL1/MCTP2/ACVR1C/CFTR/ILDR1/CPT1A/STX19/HADH/GIPR/MCU/SIRT6/PSEN1/VAMP8/BAD/WNK4/C2CD2L/PPARG/DOC2A/TCF7L2/PNKD/PFKFB2/STX3/HNF1B/TPRG1L",43
"GO:0046473","phosphatidic acid metabolic process","8/980","38/18986",0.210526315789474,4.07862513426423,4.43176411562295,0.000600010483474685,0.0244282956673669,0.0220072870168325,"PLA2G10/PLA2G2A/LIPH/LPCAT4/PLD1/DGKQ/DGKA/ABHD5",8
"GO:0046488","phosphatidylinositol metabolic process","18/980","148/18986",0.121621621621622,2.35623276337562,3.86418053750588,0.000629832364170923,0.0252966744588656,0.0227896036206622,"CWH43/ITPKA/PLCD1/PLCE1/PIGZ/CDS1/IMPA1/PITPNM3/MTM1/PIP5K1B/IMPA2/MTMR11/INPP5J/SH3YL1/PGAP3/TTC7A/PIGN/BPNT1",18
"GO:0006672","ceramide metabolic process","15/980","112/18986",0.133928571428571,2.5946610787172,3.94870914991463,0.000636618543861124,0.0252966744588656,0.0227896036206622,"NEU4/B3GALT1/SMPD3/B3GALT4/UGT8/FA2H/GAL3ST1/FUT3/GBA2/DEGS2/B4GALT4/FUT6/ACER3/PRKCD/ST6GALNAC4",15
"GO:1902476","chloride transmembrane transport","15/980","112/18986",0.133928571428571,2.5946610787172,3.94870914991463,0.000636618543861124,0.0252966744588656,0.0227896036206622,"CLCA1/SLC26A3/SLC26A2/CLCA4/ANO7/BEST2/CLIC5/FXYD3/TMC4/CLCN2/CFTR/BEST4/ANO10/CLCN3/SLC26A6",15
"GO:1901264","carbohydrate derivative transport","13/980","90/18986",0.144444444444444,2.79839002267574,3.98960513996576,0.000697523859232542,0.0274968334032384,0.024771711993296,"SLC28A2/PLA2G10/SLC25A23/GLTP/SLC35A3/SLC35A1/ABCG1/SLC25A24/ABCC3/SLC35B3/CLN3/SLC37A1/SLC25A5",13
"GO:0044070","regulation of monoatomic anion transport","5/980","15/18986",0.333333333333333,6.4578231292517,4.93321099353528,0.000705364015591533,0.0275869532712059,0.0248529003752972,"CA2/ATP8B1/ABCB1/CA7/CFTR",5
"GO:0050878","regulation of body fluid levels","35/980","381/18986",0.0918635170603675,1.77971503562055,3.58668532075138,0.000715841413178996,0.0277780023379693,0.0250250151926309,"MUC2/ADTRP/SCNN1B/HSD11B2/ST3GAL4/CEACAM1/PAPSS2/XDH/PRKACB/ADRA2A/SCNN1A/SCUBE1/PAFAH2/F2RL1/CYP4F12/HK2/VDR/TSPAN8/AGR2/CFTR/F3/HTR4/VAV3/PRRG2/MYO5B/GNAQ/ADCY6/VAMP8/WNK4/DGKQ/DGKA/ZBTB7B/P2RY2/TRAF3IP2/PRKCD",35
"GO:0140962","multicellular organismal-level chemical homeostasis","12/980","80/18986",0.15,2.90602040816327,3.98549647000485,0.000785757713174202,0.0302547175297385,0.027256271225651,"SCNN1B/PRKACB/NEO1/SCNN1A/CYP4F12/CFTR/OAS1/MYO5B/SLC40A1/ADCY6/ITGB6/TMEM63B",12
"GO:0034764","positive regulation of transmembrane transport","23/980","216/18986",0.106481481481481,2.06291572184429,3.66524732787244,0.000816937799032823,0.0312133080599695,0.0281198589772351,"ITLN1/CA2/EDN3/LRRC26/FXYD3/SRI/P2RX4/AKAP7/SLC9A1/WNK2/CHP1/AKAP5/CFTR/ANK3/CTSS/AKAP9/ATP1B3/ATP1B1/PSEN1/KCNJ2/OPN3/BAK1/SLC26A6",23
"GO:0006805","xenobiotic metabolic process","16/980","127/18986",0.125984251968504,2.44075204885104,3.80050660598311,0.00084219894743988,0.0319328410071289,0.0287680813625306,"SLC28A2/UGT1A10/SULT1B1/UGT1A8/CES3/ABCB1/SULT1A4/NAT1/CES2/CYP4F12/ALDH3A1/RORC/ABCC3/NR1I2/GSTM4/UGT2B17",16
"GO:0006661","phosphatidylinositol biosynthetic process","15/980","116/18986",0.129310344827586,2.5051900070373,3.79353492373621,0.00092209879009942,0.034697459775938,0.031258707788777,"CWH43/ITPKA/PIGZ/CDS1/IMPA1/PITPNM3/MTM1/PIP5K1B/IMPA2/INPP5J/SH3YL1/PGAP3/TTC7A/PIGN/BPNT1",15
"GO:1905477","positive regulation of protein localization to membrane","14/980","105/18986",0.133333333333333,2.58312925170068,3.79496908708496,0.000996255198816273,0.0372060118234619,0.0335186454306923,"PLS1/LGALS3/ANXA13/CHP1/AKAP5/AGR2/ANK3/DPP10/ARHGEF16/CLN3/RER1/STX3/ERBB2/CIB1",14
"GO:1903115","regulation of actin filament-based movement","8/980","41/18986",0.195121951219512,3.78018914883026,4.15746577937365,0.00102220172499331,0.037890119164491,0.0341349531260533,"SRI/DSC2/TRPM4/PKP2/CAMK2D/AKAP9/KCNJ2/DSG2",8
"GO:0006887","exocytosis","33/980","360/18986",0.0916666666666667,1.77590136054422,3.46742982277276,0.00103894099101243,0.038069228097917,0.0342963111576924,"CHGA/CD177/ARHGAP44/PTGDR/SCIN/CEACAM1/SYTL2/ADRA2A/PRSS12/RAB26/SMPD3/F2RL1/CFTR/HLA-F/SYTL1/KLRC2/STX19/VPS4B/SYTL5/LGALS9/RAB27B/SYT13/PSEN1/VAMP8/ADORA2B/DOC2A/EXPH5/PDCD6IP/STX3/TPRG1L/S100A10/TMEM63B/LLGL2",33
"GO:0050900","leukocyte migration","36/980","404/18986",0.0891089108910891,1.72634875732471,3.44270149568491,0.00104839753779879,0.038069228097917,0.0342963111576924,"CHGA/CD177/ADTRP/EDN3/PADI2/MMP28/GPR15/CCL28/ST3GAL4/MCOLN2/TNFRSF11A/EDN2/P2RX4/CCL15/LGALS3/TRPM4/SMPD3/F2RL1/PTGER4/MADCAM1/GP2/PTK2B/S100A14/VAV3/DAPK2/LGALS9/MAPK3/WASL/BSG/MCU/CAMK1D/NEDD9/RIPK3/HOXA7/GCNT1/NBL1",36
"GO:0046883","regulation of hormone secretion","26/980","261/18986",0.0996168582375479,1.92992415356947,3.5291212872653,0.00105143025666596,0.038069228097917,0.0342963111576924,"CHGA/GCG/EDN3/FAM3D/UCN3/NOS2/SRI/ADRA2A/TRPM4/FKBP1B/GNA11/F2RL1/ACVR1C/CFTR/ILDR1/CPT1A/HADH/GIPR/MCU/SIRT6/VAMP8/BAD/C2CD2L/PPARG/TCF7L2/PFKFB2",26
"GO:0140115","export across plasma membrane","13/980","94/18986",0.138297872340426,2.6793095961789,3.80772384556632,0.00105769145913278,0.038069228097917,0.0342963111576924,"SLC4A4/FXYD3/ABCB1/SLC22A5/SLC9A1/SLC35G1/SLC40A1/ATP1B3/ATP1B1/ATP2B1/WNK4/KCNK5/SLC22A18",13
"GO:1904062","regulation of monoatomic cation transmembrane transport","30/980","318/18986",0.0943396226415094,1.82768579129765,3.47248101003809,0.00109645521043494,0.038999936948721,0.0351347804920927,"EDN3/LRRC26/MIR192/FXYD3/SRI/P2RX4/ADRA2A/AKAP7/SLC9A1/NEDD4L/FKBP1B/WNK2/CHP1/AKAP5/KCNS3/PTK2B/ANK3/CTSS/KCNG1/DPP10/AFG3L2/CAMK2D/AKAP9/ATP1B3/ATP1B1/TSPAN13/KCNJ2/WNK4/BAK1/CAB39",30
"GO:0006813","potassium ion transport","25/980","248/18986",0.100806451612903,1.9529707044108,3.52414272628642,0.00109925330638634,0.038999936948721,0.0351347804920927,"EDN3/SLC9A3/LRRC26/SLC9A2/FXYD3/ADRA2A/AKAP7/SLC9A1/NEDD4L/CHP1/KCNS3/PTK2B/ANK3/KCNG1/DPP10/LETM1/VPS4B/AKAP9/ATP1B3/ATP1B1/KCNJ2/WNK4/KCNK5/GHITM/CAB39",25
"GO:0007015","actin filament organization","40/980","465/18986",0.0860215053763441,1.66653500109721,3.39489960941598,0.00111970398517088,0.0393153293524028,0.0354189153840747,"SCIN/VILL/GDPD2/CDC42EP5/LIMA1/MYO1A/RHOF/PLS1/TMSB4Y/SLC9A1/F2RL1/PTGER4/MYO1D/SH3KBP1/PTK2B/SHROOM3/ESPN/BAIAP2L2/RHOC/MYO5B/WASL/PPARGC1B/NEDD9/MARCKS/GBA2/DNM2/MYO7B/MYO5C/FMN1/AVIL/SH3D21/RHOV/CD2AP/SH3BP1/IQGAP1/GMFB/PPP1R9A/PRKCD/S100A10/COBL",40
"GO:0030277","maintenance of gastrointestinal epithelium","6/980","24/18986",0.25,4.84336734693878,4.39526597907663,0.00112397357923116,0.0393153293524028,0.0354189153840747,"MUC2/MUC4/SLC22A5/TFF3/MUC13/HTR4",6
"GO:0019722","calcium-mediated signaling","24/980","235/18986",0.102127659574468,1.97856708640903,3.52145411870241,0.00114426215231417,0.0395032479304691,0.0355882099652282,"CHP2/PLCE1/MCOLN2/TRPA1/EDN2/P2RX4/TRPM4/SLC9A1/CA8/FKBP1B/CHP1/AKAP5/MCTP2/PTGDR2/CAMK2D/DYRK2/MCU/ATP1B1/MAPK7/EIF2AK3/TMBIM4/PPP1R9A/TPRG1L/CIB1",24
"GO:0048874","host-mediated regulation of intestinal microbiota composition","4/980","10/18986",0.4,7.74938775510204,4.98048640648636,0.00115320534526234,0.0395032479304691,0.0355882099652282,"MUC2/LRRC19/ST6GALNAC1/NAPEPLD",4
"GO:0099515","actin filament-based transport","4/980","10/18986",0.4,7.74938775510204,4.98048640648636,0.00115320534526234,0.0395032479304691,0.0355882099652282,"MYO5B/WASL/MYO5C/SYNE2",4
"GO:0043281","regulation of cysteine-type endopeptidase activity involved in apoptotic process","17/980","144/18986",0.118055555555556,2.28714569160998,3.61705547271229,0.0012298800242025,0.0414626146674019,0.0373533902601645,"ATP2A3/FABP1/XDH/EGLN3/FAM162A/TNFSF10/ACVR1C/CASP1/F3/LGALS9/SH3RF1/GRAMD4/BCL2L11/BCL10/BAD/CARD16/EIF2AK3",17
"GO:1904064","positive regulation of cation transmembrane transport","17/980","144/18986",0.118055555555556,2.28714569160998,3.61705547271229,0.0012298800242025,0.0414626146674019,0.0373533902601645,"EDN3/LRRC26/FXYD3/SRI/P2RX4/AKAP7/SLC9A1/WNK2/CHP1/AKAP5/ANK3/CTSS/AKAP9/ATP1B3/ATP1B1/KCNJ2/BAK1",17
"GO:0002067","glandular epithelial cell differentiation","11/980","73/18986",0.150684931506849,2.91928990774392,3.83293552671484,0.00123544734664294,0.0414626146674019,0.0373533902601645,"SPDEF/KLF4/BMP2/HOXA5/AGR2/CLCN2/INSM1/DLL1/FOXA1/BAD/FZD5",11
"GO:0010959","regulation of metal ion transport","36/980","408/18986",0.0882352941176471,1.7094237695078,3.3794502196305,0.00124725834334992,0.0415780683987856,0.0374574017490675,"GCG/EDN3/LRRC26/MIR192/FXYD3/SRI/P2RX4/GPD1L/ADRA2A/LGALS3/AKAP7/SLC9A1/NEDD4L/FKBP1B/WNK2/CHP1/AKAP5/KCNS3/ATP2C2/PTK2B/PKP2/ANK3/KCNG1/DPP10/AFG3L2/CAMK2D/AKAP9/ATP1B3/ATP1B1/ATP2B1/PRSS8/TSPAN13/KCNJ2/WNK4/BAK1/CAB39",36
"GO:0034767","positive regulation of monoatomic ion transmembrane transport","18/980","157/18986",0.114649681528662,2.22116209541141,3.58442278725382,0.00125927706358792,0.0416988611656079,0.0375662231390332,"EDN3/LRRC26/FXYD3/SRI/P2RX4/AKAP7/SLC9A1/WNK2/CHP1/AKAP5/CFTR/ANK3/CTSS/AKAP9/ATP1B3/ATP1B1/KCNJ2/BAK1",18
"GO:0034310","primary alcohol catabolic process","5/980","17/18986",0.294117647058824,5.69807923169268,4.52097697126634,0.00133331858955467,0.0438582346643581,0.0395115881784379,"AKR1B10/SULT1B1/SULT1A4/AKR1C3/ACSS2",5
"GO:0043302","positive regulation of leukocyte degranulation","6/980","25/18986",0.24,4.64963265306122,4.25988872173085,0.00141501622824868,0.0462393789849419,0.0416567450573762,"CD177/F2RL1/HLA-F/KLRC2/VAMP8/ADORA2B",6
"GO:0034762","regulation of transmembrane transport","41/980","487/18986",0.0841889117043121,1.63103130369191,3.29117498915717,0.00147033617818925,0.0477330705690587,0.0430024017439455,"ITLN1/CA2/EDN3/LRRC26/MIR192/FXYD3/SRI/P2RX4/APPL2/ADRA2A/AKAP7/SLC9A1/NEDD4L/FKBP1B/WNK2/CHP1/AKAP5/KCNS3/HK2/PTK2B/CFTR/ANK3/CTSS/KCNG1/DPP10/AFG3L2/CAMK2D/AKAP9/SIRT6/ATP1B3/ATP1B1/PSEN1/SLC6A9/TSPAN13/MINK1/KCNJ2/WNK4/OPN3/BAK1/SLC26A6/CAB39",41
"GO:0050891","multicellular organismal-level water homeostasis","7/980","34/18986",0.205882352941176,3.98865546218487,4.06909193304708,0.00150891754265597,0.04807662036127,0.0433119034375846,"SCNN1B/PRKACB/SCNN1A/CYP4F12/CFTR/MYO5B/ADCY6",7
"GO:0034765","regulation of monoatomic ion transmembrane transport","32/980","354/18986",0.0903954802259887,1.75127406894961,3.32874102024017,0.00154043342199421,0.04807662036127,0.0433119034375846,"EDN3/LRRC26/MIR192/FXYD3/SRI/P2RX4/ADRA2A/AKAP7/SLC9A1/NEDD4L/FKBP1B/WNK2/CHP1/AKAP5/KCNS3/PTK2B/CFTR/ANK3/CTSS/KCNG1/DPP10/AFG3L2/CAMK2D/AKAP9/ATP1B3/ATP1B1/SLC6A9/TSPAN13/KCNJ2/WNK4/BAK1/CAB39",32
"GO:0010952","positive regulation of peptidase activity","17/980","147/18986",0.115646258503401,2.24046924892406,3.52229286171028,0.00154379875495619,0.04807662036127,0.0433119034375846,"ATP2A3/XDH/EGLN3/FAM162A/TNFSF10/ACVR1C/CASP1/F3/LGALS9/GRAMD4/BCL2L11/BCL10/CLDN3/BAD/TBC1D10A/BAK1/EIF2AK3",17
"GO:0046887","positive regulation of hormone secretion","17/980","147/18986",0.115646258503401,2.24046924892406,3.52229286171028,0.00154379875495619,0.04807662036127,0.0433119034375846,"GCG/EDN3/UCN3/SRI/TRPM4/GNA11/CFTR/ILDR1/GIPR/MCU/SIRT6/VAMP8/BAD/C2CD2L/PPARG/TCF7L2/PFKFB2",17
"GO:0032414","positive regulation of ion transmembrane transporter activity","11/980","75/18986",0.146666666666667,2.84144217687075,3.72770199561499,0.00154867309398091,0.04807662036127,0.0433119034375846,"LRRC26/AKAP7/SLC9A1/WNK2/CHP1/CFTR/ANK3/CTSS/AKAP9/ATP1B3/ATP1B1",11
"GO:0071496","cellular response to external stimulus","11/980","75/18986",0.146666666666667,2.84144217687075,3.72770199561499,0.00154867309398091,0.04807662036127,0.0433119034375846,"CASP5/TLR3/SLC9A1/PTGER4/CDA/CASP1/MAPK3/BCL10/KCNJ2/BAD/BAK1",11
"GO:0090559","regulation of membrane permeability","11/980","75/18986",0.146666666666667,2.84144217687075,3.72770199561499,0.00154867309398091,0.04807662036127,0.0433119034375846,"TMIGD1/SLC9A1/CHCHD10/HK2/EYA2/BCL2L11/CLDN3/BAD/BAK1/PDCD6IP/SLC25A5",11
"GO:0007009","plasma membrane organization","19/980","173/18986",0.109826589595376,2.12772207148755,3.47620852197957,0.00156099495437835,0.0481581486856974,0.0433853517558835,"ANO7/ATP8B1/CASP7/TLCD2/NOX1/NDRG1/ANK3/BAIAP2L2/VPS4B/FA2H/WASL/PACSIN2/DNM2/CHMP1B/CLN3/IQGAP1/ARV1/PRKCD/S100A10",19
