"gene","HR","z","p","lower","upper"
"NAT1",0.545356763652157,-3.60751284977218,0.000309146232219147,0.392300774561024,0.758127485203041
"BCL10",0.614650513992254,-2.84132127605134,0.00449270264006388,0.439361992682077,0.859872407362091
"ATOH1",0.819871781274459,-2.83378747060829,0.00459999135566466,0.71464289805625,0.940595281305441
"CLDN23",0.715644111817558,-2.83369615460803,0.00460130589769757,0.567801326302115,0.901981857130497
"ITLN1",0.894735760548234,-2.76199317974533,0.0057449678505233,0.826830492411328,0.968217897805311
"CLCA1",0.906237523804178,-2.68455770794906,0.00726258443491152,0.843383223555881,0.973776127639932
"PARM1",0.798908579463166,-2.59767605896792,0.00938569914383565,0.674420064996836,0.946375933140197
"CLCA4",0.835782182163443,-2.55573829286098,0.0105962780358808,0.72836199993253,0.959044892631127
"SULT1B1",0.809291263171013,-2.52624687517611,0.0115288434453365,0.686766176892168,0.953675895351747
"HIGD1A",0.682926861585263,-2.4883181463325,0.0128348858858681,0.505727249066652,0.922214690103101
"SLC4A4",0.723525712804194,-2.48075250327035,0.0131105369269603,0.560290169336898,0.9343184759218
"C2CD2L",2.06184134275435,2.47684679194505,0.0132548786079998,1.16300240724027,3.65535762972223
"C4orf19",0.681365784455227,-2.45669227867246,0.0140222740694319,0.501706966989653,0.925359548048417
"PAFAH2",0.606386891155557,-2.43733029906468,0.0147961573333623,0.405554674796829,0.906671984361937
"KCTD9",0.695658267637174,-2.41166504058714,0.0158798629748086,0.517977495607846,0.934288515303257
"SUCLG2",0.713171458715862,-2.40013658096174,0.0163889555187443,0.541142166063214,0.939888926466501
"CDS1",0.655952311355733,-2.38379676290892,0.0171350625953144,0.463771612051252,0.927770099747674
"LGALS4",0.791824275012583,-2.37303297751182,0.0176426886456101,0.652984840378951,0.960184132506568
"TPSG1",0.821306051104497,-2.34872381332082,0.0188378739799139,0.696885036904588,0.967941043155467
"PTPN18",1.65093416038577,2.23834279102796,0.0251987096459798,1.06433580273496,2.56083051507325
"ZBTB7C",0.784717662156754,-2.23517011895151,0.0254061824041144,0.634439629567942,0.970591653803394
"CLRN3",0.77814307135129,-2.22510837632936,0.0260739635728914,0.623878886532768,0.970551580703661
"PDCD6IP",0.575249450389247,-2.22322680430499,0.026200510269634,0.353304353152168,0.936620019597119
"ZG16",0.894919141143548,-2.20616579123165,0.0273723935348099,0.810864682504521,0.9876867083561
"MTM1",0.620521061418668,-2.19789216901579,0.0279567910905475,0.405459759840435,0.949653765433298
"CD177",0.831598858416208,-2.18245996356492,0.0290756029821844,0.704680631854585,0.981376002202723
"KIF13B",0.703298432738584,-2.17152722366693,0.0298913415678336,0.511884375636281,0.966289867468052
"TMEM236",0.748371237526046,-2.16584065051293,0.0303233658154861,0.575705172710325,0.972823479281239
"UGT2A3",0.844552923406449,-2.15593014278673,0.0310891203559111,0.724307676593009,0.984760569968622
"IGSF9",1.35641341473003,2.14892464125207,0.0316403741393755,1.02716825104193,1.7911937501897
"RBM47",0.615390362160515,-2.12382033073099,0.0336851702824901,0.393159490025599,0.963235804928406
"AKAP5",0.575867329549803,-2.09779456047564,0.0359232972468597,0.343868442950926,0.964389690420498
"RPS6KA1",0.699230741942398,-2.08107034645904,0.0374274676102821,0.499209938759303,0.979394824735359
"UCN3",0.709017257045444,-2.06319429569886,0.0390941718942365,0.511429625044955,0.982941632964764
"B3GNT6",0.859133166298761,-2.05314599407719,0.0400584203495149,0.743213576173785,0.993132823588172
"CAPN9",0.821387401521518,-2.02730716789592,0.0426310089249701,0.679101393970829,0.993485316578885
"SRI",0.727969396418665,-2.02044995632723,0.043336736052159,0.535000450100963,0.99054017996087
"GNG12",0.727398101588722,-2.0178118853418,0.0436108565940529,0.533958038665394,0.990916813458526
"GPR15",0.702502528946874,-2.00310626731742,0.0451658834360573,0.497277299403013,0.992423751836687
"CCL28",0.829866217475756,-1.98668710312708,0.0469570818926869,0.690407659755612,0.997494638386971
"HEPACAM2",0.86932956939577,-1.97883933521543,0.0478340982168266,0.756744022135967,0.998665173585012
"ACOT11",0.687902168287419,-1.96525423714233,0.0493848193364402,0.473686183500734,0.998993446752707
"LGALS2",0.862813656450639,-1.9634431928459,0.049594699143224,0.744642081277568,0.99973856497673
"SCGB2A1",0.774669378334372,-1.94203079478253,0.0521333724064721,0.598699439978637,1.0023604594492
"CA4",0.883561035487305,-1.91285754144873,0.0557662923517676,0.778303746113705,1.00305325180504
"F2RL1",0.723328180027512,-1.8985489785471,0.0576238022044141,0.517750463091342,1.01053247330386
"GALNT7",0.771895277662288,-1.8934745461115,0.0582947900965247,0.590429945396979,1.009132962043
"CDKN2B-AS1",0.242432410096836,-1.87256996765228,0.0611277917094982,0.055012301975289,1.06836964378914
"FCGBP",0.92138726937765,-1.85624076721947,0.0634192476814101,0.845079394975746,1.004585492462
"MAP2K6",0.71630110647727,-1.85027098912523,0.064274501785926,0.503037791186102,1.01997759240069
"CA2",0.89522189213593,-1.83245130113203,0.0668842108779945,0.795273378021667,1.00773175402031
"FUCA1",0.726508956706363,-1.81997756065831,0.0687624221714308,0.515002192335385,1.02487964523234
"GUCA2A",0.910606423326199,-1.81880770377707,0.0689407726688114,0.823199515671612,1.00729415216726
"CCL15",0.658797220618283,-1.81779059115885,0.0690961452492876,0.42007582945521,1.03317960106689
"TINAG",0.837299996286384,-1.81672535666107,0.0692591771226777,0.691324238626575,1.01409909360905
"CCNYL1",0.616500214311705,-1.80603080843268,0.0709135273820398,0.364721925319586,1.04208847305613
"NMNAT1",0.633149645438889,-1.76220387846304,0.0780348570542044,0.380835260163407,1.05262961561748
"NR3C2",0.785334043425171,-1.75226567286303,0.0797281357267595,0.599334825032289,1.02905677094486
"GUCA2B",0.852717067395745,-1.75146804211267,0.0798653214607918,0.713465350225065,1.01914745656341
"LRRC19",0.85792443607209,-1.73409528903887,0.0829011772658483,0.721488986799571,1.02016018466833
"EDN3",0.818005495181472,-1.72823186743872,0.0839466625502538,0.651349751629069,1.02730213448848
"IMPA2",0.762394511882027,-1.71874669636185,0.0856605052139517,0.559530875306021,1.03880843292148
"VSIG2",0.914024393708249,-1.71753830450889,0.085880861925125,0.824906783044037,1.01276969648719
"SMPDL3A",0.789974164306116,-1.71527100776752,0.0862955514595258,0.603419976627542,1.03420371290814
"CCDC68",0.765990074640816,-1.68946779342671,0.0911298187926108,0.562224232231725,1.04360637768885
"ATP2A3",0.853652172203778,-1.68874591206222,0.0912681330768626,0.71043671444235,1.0257381358454
"VWA5A",0.813770785199139,-1.6856360438508,0.0918659223596697,0.640381680927858,1.03410655015009
"FER1L6",0.738677557465494,-1.67814963703072,0.0933178906923836,0.518584140663352,1.05218129734014
"PAQR8",0.819001648754445,-1.66933752817482,0.0950505068009321,0.64784737308009,1.03537303466009
"CCNJL",0.712026085397466,-1.66673525395202,0.0955670595917369,0.477574812357333,1.06157429824231
"MS4A12",0.893049645503892,-1.63964545517024,0.101078906120227,0.780107297673392,1.02234355673023
"LPCAT4",1.3039107881295,1.63752961701582,0.101519855775442,0.949089909015602,1.79138280499044
"FAM118B",0.709766455403474,-1.62896307342448,0.10332083633224,0.469870310773701,1.07214354613402
"SLC26A3",0.935354642905621,-1.61386693986495,0.106556290981122,0.862439069983176,1.01443491888902
"MUC2",0.939330586971149,-1.5898397063178,0.111870941188087,0.869578719415632,1.01467748913233
"CLDN8",0.753549535519619,-1.56476700473837,0.117637550969302,0.528672859949439,1.07407991879163
"SH3BGRL2",0.766950084197211,-1.55380062237039,0.120231982058112,0.54879775695697,1.07182003605789
"DENND1C",1.40422572771371,1.55034943788376,0.121057667332827,0.914210071873042,2.15688926980772
"C4orf33",0.709392531669077,-1.54918026318058,0.121338392623591,0.459445520198418,1.09531542231717
"ABCA5",0.709939976900578,-1.54070504596152,0.12338858817301,0.459153050920429,1.09770537251409
"HRCT1",0.871118320888497,-1.51797570354718,0.129020523767237,0.72896484784718,1.04099276011548
"CEACAM7",0.935032363407421,-1.51620333131502,0.129467945976325,0.857264542650749,1.01985498888813
"NEO1",0.818107699257848,-1.49282496408938,0.13548301080929,0.628546435504074,1.06483812456626
"NXPE4",0.921739503992186,-1.49175124732608,0.135764368935968,0.828148185069077,1.02590783695178
"B3GNT7",0.901747604753648,-1.48640297053402,0.137172564572023,0.786792634543455,1.03349816327498
"SEMA6A",0.828010380026222,-1.45276977571905,0.146287686346893,0.641883234439279,1.06810889059921
"LRRFIP2",0.64441043292199,-1.44204169939784,0.149290610326558,0.354637077105612,1.17095710760959
"LRRC1",0.670559393649926,-1.43582524578124,0.151052074161699,0.388612298040772,1.15706554496374
"ARHGAP44",0.787990029652878,-1.42286522633348,0.15477522845165,0.56751900242878,1.0941101252557
"PLAC8",0.905397942828434,-1.41502432220509,0.157061364911549,0.788964529927346,1.03901430771983
"CDC14A",0.648212669613891,-1.41265415979812,0.157757436101424,0.355212345385083,1.1828971332414
"BEST2",0.840756481541708,-1.40334168876769,0.160514972281994,0.659874886390053,1.07122043259055
"B3GALT4",1.26975556280797,1.40312258163099,0.16058028842741,0.909573431987476,1.77256627401577
"CNNM2",1.71197477618725,1.39897699908751,0.161819880558939,0.806061213183164,3.63602364977633
"B3GALT1",0.678317815695863,-1.38714484828216,0.165397598807783,0.391973837034394,1.17384125065989
"CDC42BPG",1.29317300270706,1.38355952135072,0.166493370071607,0.898426913642024,1.86136055091145
"KBTBD11",0.813643562830256,-1.37986938142985,0.167626865464951,0.607036886439425,1.09056939063154
"SIAE",0.810288287263929,-1.37744948721817,0.168373321748379,0.600680291100268,1.09303920605498
"SLC26A2",0.904683747807448,-1.37579451948048,0.168885258698534,0.784371650352339,1.04345010835014
"TMC4",1.23203839576847,1.37399383468654,0.169443596456997,0.914852926042503,1.65919413431185
"ATP8B1",0.794478294482644,-1.37145591145222,0.170232878319649,0.571857846522018,1.10376339896868
"NHEJ1",0.558814100354477,-1.36980040142411,0.170749216733084,0.243023127203203,1.28495259833389
"SEMA6D",0.760063574314254,-1.36959456847487,0.170813496053113,0.513262698941109,1.12553793250743
"PRRG2",0.771767837389438,-1.3632999337676,0.172788002902656,0.531778272091687,1.12006380495004
"ETHE1",0.849928828857559,-1.35014006406249,0.176971059241544,0.671226385101663,1.07620771494817
"NHSL1",0.757558790330476,-1.34600943426023,0.178299474044055,0.505627778505671,1.13501541094728
"NEDD4L",0.671066591502475,-1.33182498474541,0.182917705849101,0.37310180910401,1.20699058338045
"NXPE1",0.893245101215123,-1.33170708669503,0.182956459638114,0.756503254200353,1.05470373909787
"SLC2A13",0.703884967737417,-1.33087338112612,0.18323067728737,0.419680651588907,1.18055013003559
"RIPK3",0.736146494375633,-1.32985229901516,0.18356694051698,0.468698312265653,1.15620570204738
"MYO7B",0.841178844830823,-1.32852328024534,0.184005298020535,0.65174314974375,1.08567592811543
"TCF7L2",0.739846783844725,-1.32348529303226,0.18567404395189,0.473535368856347,1.15592899615369
"AP5M1",0.741838733395968,-1.32189881899399,0.186201845752273,0.476451741898966,1.15504815697207
"EIF2AK3",0.720337458418705,-1.3159484752692,0.188191336960296,0.441927638749615,1.17414257109886
"TMEM59",0.763401475053834,-1.308790402562,0.190605358841901,0.509531564934187,1.14375997920687
"CASP5",0.872756844043241,-1.30485127111036,0.191943496728191,0.711396033781153,1.07071795828797
"PPARGC1B",0.704620181292174,-1.3015338223472,0.193075795189399,0.415903404168373,1.19376180841073
"AQP8",0.91982835398353,-1.29843095086798,0.194139289267963,0.810816702558923,1.04349626508904
"PPP1R14D",0.910742779812067,-1.29453477491778,0.195480765559511,0.790532410929348,1.04923264310531
"TMIGD1",0.8687468739513,-1.29364761524881,0.195787167458354,0.701960034124294,1.07516253676989
"C11orf86",0.887302799678996,-1.29034294642872,0.196931611895582,0.739938609547621,1.06401564691904
"GCNT3",1.09206806888479,1.28493298011189,0.198815704926319,0.954785400287525,1.24908976060863
"GBP3",0.891371597121815,-1.27513572923623,0.202261204988194,0.746957696286351,1.06370592083826
"BTNL8",0.880296097827141,-1.25751404447324,0.208567556672988,0.721650760884832,1.07381750543648
"PPP1R36",0.776127479005577,-1.25712737214428,0.208707516944634,0.52279296404599,1.15222259114903
"DHDDS",0.716974447194886,-1.25560295626822,0.209259959012872,0.426529062282764,1.20519890292874
"DSC2",0.82989556861442,-1.24854174903608,0.211832729352598,0.619307367259266,1.11209181614261
"GPD1L",0.787564997399096,-1.24141762552198,0.214451511295922,0.540184636232435,1.14823448044411
"AKR1B10",0.923742044347896,-1.23603339486984,0.216446150691337,0.81456335526227,1.04755432340961
"SLC44A4",0.897090563285813,-1.22954511784282,0.218867492609307,0.754492075003531,1.06664006872795
"PDE8A",0.734412769602085,-1.22949029505418,0.218888034324598,0.448985039499559,1.2012919556424
"SLC22A23",1.26686943464868,1.22939537704306,0.218923602713176,0.868863512168599,1.84719250143358
"CANT1",0.803902395792584,-1.22196063784813,0.221722512603511,0.566440341273721,1.14091284619286
"PEX26",0.697779053656821,-1.21901666249266,0.222837868318903,0.391240582176988,1.24449157347882
"IVNS1ABP",1.27074190793784,1.21737883210305,0.223460113089691,0.864025135648861,1.86890974575277
"GPA33",0.907031389453262,-1.21283740497509,0.225191991308114,0.774710293055886,1.0619530278968
"TMEM72",0.726619391387005,-1.20939560074807,0.226510897966795,0.433051031820574,1.2191998197533
"PLA2G10",0.88299043198053,-1.20880887100087,0.226736282698985,0.721653952979454,1.08039608146006
"PLS1",0.834575750018385,-1.2077649593694,0.22713768338853,0.622329235295454,1.11920932364374
"VPS4B",0.794760981815762,-1.19177394473094,0.23334989481422,0.544713131189616,1.15959205322861
"GPBP1L1",0.704181337733423,-1.18593668948585,0.235647302618685,0.394418262801465,1.25722209942808
"TTC22",0.808372425847929,-1.17856893780613,0.238569866536577,0.567504225399976,1.15147332764034
"ABHD3",0.825525863879949,-1.17275129159401,0.240895556102793,0.599192819013581,1.13735166762619
"GPRIN2",1.15494318251159,1.17169148606345,0.241320942481032,0.907635413878813,1.46963608342424
"BBIP1",0.622114927551421,-1.16865046449677,0.242544487299515,0.28065156224346,1.37903021094382
"BCAS1",0.890645626237144,-1.16787658136882,0.242856551735369,0.733328098788197,1.08171176427874
"FABP2",0.906284135878923,-1.16317593480724,0.244758128301541,0.767811113979189,1.06973045843156
"PHGR1",0.934381778167063,-1.15692390675681,0.247303450392264,0.832892958588047,1.04823710942485
"MARVELD3",1.32741250824879,1.13622110251714,0.255864040908146,0.814371570118931,2.16366095245446
"TLCD2",1.22184425596905,1.11991466994897,0.262750126225378,0.860457267790989,1.73501165220817
"BCL2L15",0.882085794656738,-1.11805212100064,0.263544733497302,0.707930139759011,1.09908493145959
"SLC35A3",0.823741724627294,-1.11759763172253,0.263738880718847,0.586288488293881,1.1573661131682
"PTGDR2",0.756776710902071,-1.11503559194352,0.264835169955377,0.463684130006,1.2351317483226
"MOB3B",0.821213420644814,-1.11478814459919,0.264941217997624,0.580840622928736,1.16106115107224
"GGT6",0.920650320264504,-1.11055679916186,0.266759166780041,0.795659633797718,1.06527587450618
"ITM2C",0.904053682912903,-1.10937729794916,0.26726745170353,0.756487013918236,1.08040593764472
"ENTPD5",0.868081427578035,-1.10173602863475,0.270576448795794,0.674933356938118,1.11650336608717
"ISX",0.918452541625848,-1.09204205233964,0.274814617859491,0.788409849786347,1.06994486617281
"LGALS9B",0.856008793052302,-1.08387677972821,0.278419436370359,0.646218295244856,1.13390638917955
"TSPAN1",0.914074284189485,-1.08036479821955,0.279979764977738,0.776596330191629,1.07588944801007
"SMPD3",1.15680260505924,1.07891392242356,0.280626101782824,0.887854836910881,1.50721966186254
"CHST5",0.831972471914177,-1.07764891781806,0.281190462879848,0.595398672394869,1.16254574643044
"PTK2B",0.827582904776491,-1.07329033368529,0.283140870872739,0.585767036069396,1.16922500261205
"TMEM30B",1.2324965995387,1.07241100108433,0.283535468897025,0.841130845708219,1.80595905574647
"ANO10",0.794002795511222,-1.06978754312784,0.28471495064163,0.520337819006884,1.21159834294361
"ANO7",0.86009087154789,-1.06965364776672,0.284775237622776,0.652540735831721,1.13365536693602
"SH3RF1",0.792172310008804,-1.06776043514734,0.285628589314233,0.516528916284062,1.21491159344809
"ADCY6",1.25975166164631,1.06608679698782,0.286384407412679,0.823975920079807,1.92599590636937
"KLF4",0.889530694780431,-1.05999119227618,0.289148606325926,0.716403308900784,1.10449637393584
"TJP3",0.873795216712262,-1.05990351430435,0.289188496703964,0.680871165005463,1.1213840738036
"MUC4",0.918252023628487,-1.05496780996246,0.29144004714546,0.783701952178988,1.0759023587391
"SIDT1",0.838604267726075,-1.0546297291197,0.291594701626246,0.604634073261602,1.1631119530773
"TSPAN3",1.21707652929226,1.04126371505627,0.297753172015861,0.840861711652969,1.76161580153556
"PYY",0.888507214961551,-1.0375940525486,0.29945908797907,0.7106962800337,1.11080512620848
"WSCD1",0.832849960043474,-1.03615270938578,0.300130905098354,0.589267641539818,1.17712055956758
"NXPE2",0.879402125421367,-1.03159251436196,0.302263048593069,0.688885628919873,1.12260739044328
"FAM3D",0.935792027663303,-1.02358736880927,0.306030213790902,0.824125921352255,1.06258849084774
"RNF138",0.836987747344103,-1.01564033609903,0.309800689448143,0.593722962815884,1.17992486913699
"MBOAT1",1.20066476848226,1.0112009555337,0.311920258564996,0.842329932538092,1.71143851190325
"TP53I3",0.838762243953694,-1.00786085560326,0.313521265967121,0.595855748102642,1.1806919780877
"ZNF91",0.81241911327982,-0.995463177649467,0.319511044652793,0.539692706155365,1.2229641203125
"ST6GALNAC1",0.935029718099545,-0.994033161465914,0.320206723221023,0.819032317190768,1.0674555269419
"CASP7",0.835915981479926,-0.992086396241405,0.321155382021286,0.586661064683493,1.19107193259967
"PADI2",0.927815386658588,-0.984402724774497,0.324917538869125,0.799239532389872,1.07707559102632
"SYTL2",0.87220962665509,-0.980025194454087,0.32707368234816,0.663541151813771,1.1464995513094
"GFI1",0.841475902718964,-0.974674934085922,0.329721530379743,0.594714821363717,1.19062392498142
"VSIG10",1.26575756211243,0.969584957267623,0.332253414022558,0.786057693622347,2.03819925565736
"SAMD13",0.855746013819626,-0.968875565724633,0.332607278007898,0.624429718837832,1.172752061723
"HAPLN1",0.717003002749541,-0.96883397756426,0.332628030874433,0.365795189474308,1.40541297629057
"CLCN2",1.17855315755365,0.965744631258244,0.334171980522367,0.844397838435067,1.64494445859063
"HHLA2",0.924217065642503,-0.95828692672895,0.33791809423065,0.786633134488351,1.08586474046815
"PLCD1",0.844832259046336,-0.956097612208461,0.339022921052906,0.59793332203022,1.19368083300978
"ANK3",0.720615497254034,-0.951308068953909,0.341448012077874,0.366887332891005,1.4153846380871
"ZBTB7B",1.20636662980916,0.950380311266792,0.341919044483146,0.819303821164009,1.77628909804117
"LPAR5",0.848057891066125,-0.944516868898489,0.344905585751236,0.602422908811975,1.19384933089256
"BTNL3",0.92223561222629,-0.933547182276482,0.350537521379364,0.778086936031452,1.09308932597735
"CWH43",0.889972625017557,-0.929898892045905,0.352423436716608,0.696108495098273,1.1378273341842
"FAM83E",1.12377025442456,0.927442030742714,0.353697076588556,0.878174177671557,1.43805137618356
"KRCC1",0.890267587489863,-0.922497953062736,0.356268897539656,0.695457490756035,1.13964748078766
"CA1",0.922977986681791,-0.919877775930712,0.357636633769716,0.778081839929979,1.09485701912261
"LTK",1.10295483728884,0.914628667728643,0.360386603555539,0.894047270463467,1.36067679337383
"DPF3",1.3776306302417,0.909777402816019,0.362939914104383,0.690866845991223,2.74707950510662
"ARL14",0.905744619527657,-0.90471055800952,0.365618746257696,0.73090863629619,1.12240200083073
"PLCD3",0.891550747882184,-0.901303100996603,0.367427185470805,0.69459915114856,1.14434740488083
"RIOK3",1.16374900473198,0.896857723844857,0.369794841407478,0.835473116982016,1.62101175787303
"REP15",0.849978281766802,-0.89431978180166,0.371150818804556,0.595251060536591,1.21371153681604
"BEST4",0.827137653990234,-0.892082486747778,0.372348721223402,0.545118311706114,1.25506093623454
"TNK1",1.21891852278044,0.891156232643362,0.372845360870291,0.78865364963294,1.8839225125868
"EAPP",0.830732045744293,-0.889050186154508,0.37397610872848,0.55196033682304,1.25029949760276
"MXD1",0.884359006032858,-0.881863127592847,0.377850828811941,0.672991020696877,1.1621118670225
"MYO1D",0.864371343640025,-0.875893216717431,0.381088087498302,0.623815793582052,1.1976898106665
"TMEM61",0.841316111373457,-0.875110375422168,0.381513852234529,0.571336692267066,1.23887159504486
"TRIM36",0.844274609996547,-0.859498860826881,0.390065348229804,0.573905527388336,1.24201559850547
"IGSF3",0.834924064585265,-0.859214570888565,0.39022214590651,0.55324184866818,1.26002433709906
"LGALS3",0.898717097189779,-0.858386058859412,0.39067932308067,0.704254788840703,1.14687529794549
"CYSTM1",0.87922482739815,-0.85378910142322,0.393221854222736,0.654297706277002,1.18147486946261
"USP2",0.816468538934726,-0.853026501104775,0.393644608146029,0.51239673480949,1.30098579827613
"MEP1A",0.951354307335569,-0.851696044760535,0.394382816447228,0.848208304376997,1.06704333524618
"AMPD1",0.585283270397628,-0.850930056728449,0.394808207228223,0.170426013000069,2.01000129368281
"CAPN5",0.887756438923551,-0.849594372365278,0.395550641824585,0.674544733746024,1.16836060741816
"NAAA",0.86938673715218,-0.844414505264333,0.39843781958503,0.628233077543839,1.20310968293988
"GLOD5",0.874263052925136,-0.843801954412004,0.398780083203441,0.639867100429824,1.19452287075948
"TUBAL3",0.919384176003771,-0.842255729353978,0.399644825550048,0.756054474920052,1.11799783101015
"CA7",0.863677408373753,-0.841120367964569,0.400280505701341,0.613817231709895,1.21524556040445
"NBEAL1",0.777608687719959,-0.83691030171411,0.402642989320531,0.43145354754545,1.40148406394517
"MINK1",1.17901932343715,0.832844159319912,0.404932626066837,0.800217421191002,1.73713609354974
"TMEM171",1.08571493154646,0.828961829119858,0.407126006872621,0.893862639342849,1.3187450293812
"C1orf210",0.871133520810041,-0.820813258573369,0.411752645250269,0.626638579356534,1.21102280657241
"FRMD1",1.10118619305541,0.818185423632834,0.413251317064169,0.874144585591148,1.38719732612178
"ACVRL1",0.908989415225249,-0.81670166617382,0.414098938923225,0.722946398387001,1.14290873961756
"TLR3",0.853931762436909,-0.804849187398443,0.420906713440395,0.581333393537518,1.25435673058672
"LRRC26",0.946380692115847,-0.804564734967469,0.421070899129322,0.827486688769507,1.08235748872469
"B4GALNT2",0.909409388791463,-0.797103344605757,0.425391014068271,0.720036868343064,1.14858762486038
"RIMKLA",0.824735170736467,-0.787826260715689,0.430798338133885,0.510646928982934,1.33201251832544
"BRPF3",1.18782946138804,0.780938969160964,0.434838390902205,0.771151625004874,1.82965163217089
"MMP28",1.08301782717986,0.780057874447031,0.435356810458652,0.886360924768575,1.32330699742392
"CNNM4",1.17303525346674,0.779936982972216,0.435427968539543,0.785477824529926,1.75181483538287
"HOXD1",1.31140348614138,0.777764656499311,0.436707767458323,0.662279358003661,2.59675782233008
"PAPSS2",0.928256363418421,-0.777138318545598,0.437077168659979,0.769352886794356,1.1199800390911
"CDHR5",0.936430597712317,-0.776233370890097,0.437611205745947,0.79332730803644,1.10534738366975
"DDX60",0.906011969075729,-0.772027908211094,0.44009789832634,0.705194516884959,1.16401598205051
"FAM162A",0.870460200771456,-0.760393254310215,0.447019554281637,0.608762324528887,1.24465810480873
"SMPDL3B",0.904661735572138,-0.760311045813173,0.44706868083146,0.698738136328777,1.17127263170205
"VIPR1",0.9058866596624,-0.749098602134494,0.453797777508392,0.699456384448413,1.17324061714219
"C6orf136",1.18179851459842,0.747448326812964,0.454792983182164,0.762639944599041,1.83133304123129
"SELENBP1",0.950428183334371,-0.743487907399958,0.457186340060827,0.831209963300814,1.08674555354116
"GBA2",1.17622972509467,0.740032622123599,0.459280200163078,0.765235083089434,1.80796254219122
"SCARA5",0.889479269198655,-0.734438962640528,0.462681247643194,0.650724152022023,1.21583526272342
"AHCYL2",0.924106798358771,-0.731982949394835,0.464178974876986,0.748065340293701,1.1415759142612
"PITPNM3",0.876997693956958,-0.728905871492855,0.466059242949592,0.616206513450529,1.24816102786549
"PAQR5",0.893700258179347,-0.727781087736563,0.466747603385388,0.660310654126341,1.20958240864157
"FAM120AOS",1.25484340359634,0.725983319465245,0.467848996406306,0.679866638555621,2.31608947733418
"CLIC5",0.910469560645991,-0.715987573587606,0.473999021926895,0.704299704021077,1.1769915791958
"MOGAT2",0.941346766607348,-0.71137848525311,0.476849727573732,0.796939935277701,1.11192035406449
"BARX2",1.08067682288003,0.702811530245571,0.482173210659182,0.870415570002564,1.34172967000881
"SCNN1B",0.931602638576393,-0.701775940007587,0.482818905623566,0.764357095173028,1.13544242826193
"CDC42EP5",0.943682849076503,-0.701550366779137,0.482959613775412,0.802594350713577,1.1095733714664
"WNT2B",0.765849909108865,-0.69346962468687,0.488014881759026,0.36032724757285,1.62775945264443
"APOBR",0.937550334499999,-0.686398630631546,0.492461767765452,0.779878744363509,1.12709909851236
"ERBB2",1.08344041527254,0.671889502862248,0.501654043548693,0.857581742095293,1.36878279448667
"SLC9A2",0.931689401583753,-0.671365178358037,0.501987922255661,0.757813362722527,1.14546032535629
"TLN2",1.13185192630355,0.670735594787846,0.502388983012342,0.788152723513571,1.62543215909475
"THAP4",1.1789205918691,0.66129818331707,0.508421106292312,0.723798573389513,1.92022174819216
"CD164",0.885070963167331,-0.659494650095095,0.509578180401864,0.615745626590737,1.27219841443163
"SPIB",0.880157529502854,-0.638558362190913,0.523110275667569,0.594834946579701,1.30233988637514
"SHROOM3",0.881263252026672,-0.628348017191165,0.529775982482643,0.594124437838578,1.30717551730069
"GLTP",0.848457346852716,-0.628320528812661,0.529793986051058,0.508160201530795,1.41663960943766
"TEP1",1.14074200315402,0.624998767993396,0.531971866690673,0.754832490027625,1.72394847194801
"DOK4",0.907204204630038,-0.62238702108672,0.533687412645035,0.667595960600209,1.23281073803753
"SIPA1L3",1.14009822401396,0.616829181063743,0.537347402233252,0.751638816786225,1.72931989590085
"LGALS9C",0.908082077666047,-0.615151373782573,0.538454757261936,0.66789077338055,1.2346525699172
"P2RX4",0.881068039059039,-0.615066192768727,0.538511007361233,0.588541489473544,1.31899093493941
"DHRS11",0.924376680635854,-0.611753325244758,0.5407009749229,0.718512528122221,1.18922386772637
"CDKN2B",1.07492738539267,0.605281967855942,0.544991660675813,0.850688089099774,1.35827561085271
"SLC17A4",0.912690741382562,-0.602722324291498,0.54669342779642,0.678112887082148,1.22841551203928
"EPHA10",0.893878855894991,-0.598618782851842,0.549427127811776,0.619096010063886,1.29062277260305
"GNPTAB",0.875276746534582,-0.598532746176614,0.549484515846982,0.565840267909289,1.35393224284805
"PTGER4",0.921790600641569,-0.596268504657094,0.550995867808851,0.70530476852948,1.20472446713031
"ZZEF1",0.886325850547948,-0.591794732661974,0.553988050820615,0.594330664994791,1.32177853107483
"IL1R2",0.945642132198588,-0.587931161128671,0.556578499554707,0.784888932809035,1.13931921423418
"MYO1A",0.945522155722651,-0.586334665526933,0.557650639957726,0.784058695685871,1.14023625001742
"CDKL1",0.785694100279622,-0.58203596407268,0.560542456566106,0.348760432514575,1.77002653300817
"GCG",0.907037828407111,-0.581269719287676,0.561058685479859,0.652745518296137,1.26039566584697
"ERN2",1.06048771019967,0.576217173150952,0.564468398922672,0.86846019955824,1.29497492695302
"CASD1",1.11604892869018,0.574256811700901,0.565794029973743,0.767252368734575,1.6234100564392
"ELL3",1.30320786468713,0.571043952018325,0.567969849823156,0.525119654148692,3.23421666883845
"ATP13A4",0.740884250473206,-0.569329466317219,0.569132573529986,0.263848826015868,2.08039384100285
"PLXNA2",1.11842526291591,0.562171406419188,0.57399924096508,0.757081797355443,1.65223239166224
"SLC22A5",0.830538678616776,-0.56036043041402,0.575233615963076,0.433816538677492,1.59006039461143
"SLC36A1",1.13141109164805,0.556606887313192,0.577796047086924,0.732501184893128,1.74756175785708
"SLC35A1",0.912224528328753,-0.546086315352729,0.585006606052945,0.655997995329037,1.26853069065741
"NANS",0.912077554310855,-0.544127238329739,0.58635391777692,0.654734007005185,1.27057011882244
"RASSF6",0.91728894491335,-0.535388444491362,0.592381278983673,0.668725262491432,1.25824319141978
"DNM2",1.12833268309039,0.532115074456056,0.5946462974318,0.723257473006962,1.76027858853207
"HSD11B2",0.952717716725685,-0.525826543502735,0.599008730273693,0.795345136781275,1.14122914164825
"LIMA1",0.93320370718686,-0.523645933090229,0.60052482730082,0.720444911932389,1.20879354504904
"SLC35B3",0.887017743243642,-0.521610619820814,0.601941467642868,0.565310101240135,1.39180332193431
"PTGDR",1.06153249574308,0.51877608086209,0.603916899707772,0.847141414473757,1.33018079421667
"GIPR",1.13811381151138,0.516599286330117,0.605435913996879,0.696656450331782,1.85931393778966
"SLC25A23",1.09866999370481,0.501566969098177,0.615972159044438,0.760625730372994,1.58695098899088
"GNA11",0.914648359247401,-0.491711270110805,0.622923469913529,0.640933563217914,1.30525481747869
"UGT1A10",1.066361460119,0.490958332905909,0.623455918060862,0.825100022391891,1.37816838294428
"PDCD4",0.915564212768732,-0.490193163528754,0.623997218012157,0.643438800051111,1.3027778673531
"C2orf88",0.924627349930884,-0.478102567530978,0.632577204738516,0.670576936746275,1.2749256489322
"SCIN",0.92836050293494,-0.46769225130392,0.640004683144695,0.679870853382347,1.26767196905399
"SPINK2",0.883805670745137,-0.467240803791613,0.640327603358885,0.52642469847129,1.48380664111994
"CHP1",1.09441770547704,0.45572765570243,0.64858583227659,0.742449513323176,1.61324115992822
"PIGR",0.985164942943041,-0.454517275674448,0.649456560614615,0.923673144082136,1.05075044242887
"SCAMP2",1.10999323101801,0.445820175406493,0.65572714692837,0.701581420449972,1.75615393594029
"TRPM6",1.07657245807024,0.445600754311052,0.655885665606636,0.778218856792268,1.48930888446046
"GDPD2",1.06998354484247,0.443000837690994,0.657765128794967,0.793239454421063,1.44327766332452
"FXYD3",0.945275002102085,-0.437747688482108,0.661569195655126,0.734721513858752,1.2161680483619
"ATP8A1",0.940146384711707,-0.43265691077563,0.66526403790708,0.710835748072158,1.24343102760888
"PLCE1",0.912205806823434,-0.426661476051965,0.669625913798291,0.598095342114933,1.39128225118745
"PRKACB",0.956943815581493,-0.425836329028324,0.670227112886713,0.781472921302976,1.17181471195806
"SST",0.933413404174108,-0.425656856571179,0.670357903846216,0.679638576828839,1.28194692413894
"TMEM45B",0.952141618939886,-0.409486800282792,0.682182451628077,0.752937334194601,1.20404928982198
"KRT20",0.977439486662,-0.405098507764034,0.685405103323663,0.875270587772382,1.09153439340124
"AMN",1.03695256644804,0.402678968518954,0.687184407746543,0.869071403658841,1.23726384338069
"OSBPL7",1.06453159081054,0.39777303276349,0.690797497270007,0.782238263169891,1.44869863977429
"NAPEPLD",1.10271298792829,0.396667814124745,0.691612437709005,0.680224541625313,1.78760961908301
"ITPKA",0.959967765439075,-0.393212483395688,0.694162550383648,0.783096147303884,1.17678795107708
"PRKCD",1.08697415863685,0.391604084456142,0.695350769520115,0.716050023592638,1.65004229120234
"KTN1",1.06979356946982,0.387424447092396,0.698442008070504,0.760453391531287,1.50496834391709
"ADAMDEC1",0.969895133677306,-0.386832674982224,0.698880085636189,0.830736444715464,1.13236463419288
"B4GALNT3",1.05255042745392,0.385925082365775,0.699552153898941,0.811483659622711,1.36523069712644
"APPL2",0.913171965942952,-0.380952967195429,0.703238148383877,0.572268164245559,1.45715434036673
"CCNG2",0.928555674992258,-0.377081140995333,0.706113305813499,0.631658763421772,1.36500226307255
"CHGA",1.02866945993494,0.37578522147286,0.707076575475509,0.887665488441863,1.19207164363262
"PIGZ",0.963530368621747,-0.368938285093221,0.712173725860688,0.790954109975189,1.17376060070727
"RAPGEFL1",0.958690747149332,-0.365124644052971,0.715018365688923,0.764416716109418,1.2023388935652
"MAPK3",1.05920698823116,0.364218661183069,0.715694733014207,0.777234127087088,1.44347681711101
"SLC6A7",0.938446026219855,-0.359704922416184,0.719067810557631,0.663854341709557,1.32661773644488
"SCUBE1",0.847889250313176,-0.357533807111733,0.720692221986445,0.343163841320328,2.09496483671064
"SLC9A1",0.943529190054314,-0.35734635122663,0.720832534262131,0.68595257063007,1.29782636672216
"CLDN7",0.946666199100157,-0.354748308593545,0.722778156571452,0.699336108137132,1.28146806963242
"PKIB",0.963060894511489,-0.351199383796734,0.725438772381076,0.780600871953146,1.18816967782345
"HPGD",1.03353954832024,0.34248919316753,0.731982775416502,0.855731190632584,1.24829386802221
"CA12",1.02907997721082,0.334154725458476,0.738262806074309,0.869820286852257,1.2174993104939
"CHP2",0.980833466497309,-0.333193523667432,0.738988206468053,0.875297461429909,1.09909411530741
"SCNN1A",1.03450875918682,0.330225016710279,0.741229945501793,0.845830530782849,1.26527517497358
"TESK2",0.909581436667559,-0.326750791454716,0.743856380869259,0.5151802849143,1.60592012962578
"LIPH",0.958260783567556,-0.326717338422991,0.743881685147698,0.74200234528623,1.23754828425682
"UGT1A8",0.928239678199097,-0.316517976738977,0.751609382554821,0.585332979213873,1.47203204121587
"CALML4",1.46906448164062,0.312675518402426,0.754527197091867,0.131815943378529,16.372453861826
"TMEM9B",1.0789374685677,0.304308787543282,0.760892650943979,0.661419367531504,1.76001205622972
"PTPRF",0.951158949868117,-0.298132456573683,0.765602070535507,0.68436212063301,1.32196584328396
"GPR108",0.939691523577646,-0.297507930393271,0.766078754369643,0.623755209057562,1.41565175995539
"PRR5L",0.950297900862845,-0.293536675603927,0.769111970374668,0.676126527150135,1.33564660477195
"MRPL35",0.928572501851329,-0.292816663371877,0.769662290716666,0.565446445987717,1.52489576566048
"DHRS9",0.977183183596634,-0.291797361324996,0.77044156284665,0.836846894694303,1.14105337590202
"BCL2L14",1.04828178015037,0.28449993088493,0.776027286993114,0.75753320272452,1.45062247653697
"LRRC66",1.04463542993577,0.28324335171498,0.77699029853379,0.772207524772036,1.41317346240475
"HECTD3",0.943059461898889,-0.281433126640586,0.778378213045348,0.626936341926866,1.418582859535
"AKAP9",1.05527959229397,0.280106000339658,0.779396181300883,0.724201913597224,1.53771344289968
"TTLL6",0.92121327496319,-0.274569047720058,0.78364734899958,0.512804123883642,1.65488898868716
"TRPM4",0.966027234501973,-0.265599371187236,0.790547769928402,0.748548476261143,1.24669095909557
"ZFYVE28",0.93955470526069,-0.265152058602592,0.790892325073089,0.592606096443783,1.48962869176498
"TRAF3IP2",0.935964475747057,-0.26300304074328,0.79254823542698,0.571579993101031,1.5326454922043
"GDPD3",1.0294802136018,0.254636714768961,0.799003699389233,0.823182215360223,1.28747862918033
"SLC25A34",0.917693820400567,-0.252243378634936,0.800852950514485,0.470819996136422,1.7887132129311
"MIER3",0.956530021997623,-0.244261912620053,0.807027979486416,0.669612743986166,1.36638630492026
"STYK1",1.04121733165266,0.24298995889423,0.808013176022045,0.751712971954515,1.44221740502234
"KLK1",0.982336906925362,-0.238898978806692,0.811183917431079,0.848719327620644,1.13699048354771
"ALPI",0.963771482761661,-0.232804327688689,0.815913352242536,0.706403526916553,1.31490774832207
"BMP2",1.02870421053324,0.231270846041475,0.817104394261769,0.80934070140231,1.30752395244087
"B3GALT5",0.975762653227335,-0.221435543067547,0.82475331988089,0.785285908407874,1.21244090240153
"ENTPD8",0.983281296518813,-0.221239951070265,0.824905603437928,0.846857310472186,1.14168242527733
"VDR",1.03792910910499,0.217116283156117,0.828117724503703,0.741682134711844,1.45250476600198
"PLCL2",1.03697697501668,0.211695979539355,0.832344224880898,0.740922029932712,1.45132848433782
"TMEM54",0.97625190939121,-0.210965207856245,0.832914420442284,0.78088504118847,1.22049692377185
"CES3",0.982103608425553,-0.207925066344323,0.835287476762012,0.828380237845134,1.16435358259091
"GOLM1",1.026800525979,0.197236859098825,0.843642187722556,0.789491829223316,1.33544044551794
"CNTN3",0.953069425877347,-0.191837537458071,0.847869466375096,0.583235979552634,1.55741648730058
"ENDOD1",0.961532946158116,-0.191163198996903,0.84839773482712,0.643129866406528,1.43757218384738
"NRARP",1.02253789477022,0.180665970112533,0.85662977110055,0.802919157646886,1.30222792205558
"ACSS2",0.971629098360424,-0.179115474227193,0.857847031817482,0.709129196185325,1.33129916221073
"MYO15B",0.980034797821323,-0.173804941587549,0.862018760680728,0.780680948540893,1.23029543212988
"DISP2",1.05283821295899,0.169066462996479,0.865744363804431,0.579597182076762,1.91248048980312
"SEMA4G",1.02840201107164,0.167589186891392,0.866906478493379,0.741168557838077,1.42695030056477
"PHF7",0.952297820995293,-0.166049279838909,0.868118168739001,0.534831843532054,1.69561919477973
"B4GALT4",0.955099671869822,-0.165796121212326,0.868317398701558,0.554873182804179,1.64400697578454
"TMCC3",0.975154540892535,-0.163626834882618,0.870024918238504,0.721427033656004,1.31811858200584
"DYRK2",1.03817170054705,0.153117809109006,0.878305371845505,0.642713834916143,1.67695235618724
"DOLPP1",1.02408432951088,0.143181675286516,0.886146701701954,0.739356078758871,1.41846228641312
"SESN2",0.971655366452102,-0.140928315566957,0.88792657279203,0.651386294296575,1.44939210330593
"IL10RB",0.939279111066147,-0.136090556784065,0.891749692669154,0.381053414064261,2.31527973749221
"SI",1.01219991038738,0.132678747555932,0.894447451241254,0.846196570980331,1.21076909754108
"PHLPP2",0.966900564985222,-0.127341123305143,0.89867041352936,0.575952672756222,1.62321792534583
"MALL",0.985167867126353,-0.123105482222024,0.902023570119109,0.776580811857455,1.24978072030505
"PLEKHB2",1.03149107220259,0.118078320993135,0.906005600611103,0.616529895753901,1.72574572516488
"GALNT8",0.983771899801837,-0.114256274043076,0.909034643696669,0.743026737634618,1.30251995227073
"PSEN1",1.03227304688275,0.113563382028507,0.909583916411812,0.596646374373776,1.78596181773335
"SPPL2A",0.976489166326818,-0.106909300120877,0.91486093505069,0.631307311616765,1.51040717319061
"PLEKHA7",1.02469995331583,0.0975707982433742,0.922273113461621,0.627673837405863,1.67285926503658
"SLC22A18AS",1.01339982734978,0.0868852922650364,0.930762690377854,0.750544736797086,1.36831178705635
"MB",0.98971869278402,-0.0868133505728782,0.930819875468114,0.78375830488756,1.2498025025542
"RAVER2",0.986225793263503,-0.0723238566936721,0.94234417951246,0.677230745100953,1.43620371983147
"STAP2",0.990431273614932,-0.0722647554593559,0.942391212406179,0.763083869378657,1.28551283432742
"C15orf48",0.994810138413542,-0.0676111916776307,0.946095146117491,0.855522627214924,1.15677502851336
"SLC16A9",1.00714003853152,0.0630208201964546,0.949749925154274,0.807224546216346,1.25656617104581
"CALCOCO2",1.01392543615163,0.0537399284479588,0.957142370447078,0.612292365087296,1.67900965077151
"SDCBP2",1.00479432645515,0.0528428616216193,0.957857110551741,0.841460840499763,1.19983199441203
"ADTRP",0.996483149492965,-0.0411593323309496,0.967168874278916,0.842579774273915,1.17849810491726
"PTPRH",1.00463402269763,0.0381177267046499,0.969593817714317,0.792072999184613,1.27423800659867
"ACO2",0.992735587756627,-0.035007193096947,0.972074005128428,0.660015856041281,1.49318222915065
"PAG1",0.994309691497177,-0.0346747363701454,0.972339106265635,0.720171667339014,1.3728001356374
"VILL",0.996691096876555,-0.0283450942972067,0.977386914985607,0.792555436382601,1.25340524711692
"SOS2",0.994436123542638,-0.0268351343441053,0.978591230146984,0.661606529315563,1.49469988579093
"ATG4D",1.00412591806563,0.0252040521624013,0.979892204826014,0.729008607383383,1.383068525007
"TDP2",1.00309933984353,0.0219146015050193,0.982516077255812,0.760582488132063,1.32294432398213
"ZNF575",0.992932118326097,-0.0212202854932569,0.983069932441664,0.515705247524669,1.91177847488626
"SPDEF",1.00128610606478,0.0210647526348697,0.983194001974924,0.888426630086358,1.12848245679095
"CAB39",0.995168955561195,-0.0169255655329145,0.986495997340848,0.568002947465498,1.74358470238909
"PACSIN2",1.00420333071209,0.0162378520177536,0.987044637895654,0.605259200611797,1.6661032635174
"RHBDL2",1.00178011846906,0.0157549443600363,0.987429893162669,0.802938741181747,1.24986297744566
"SLC6A19",0.997184402973724,-0.0154787393630116,0.987650245992615,0.697786788317994,1.42504379587208
"TMEM131",1.00343160522732,0.0131661411772935,0.989495242725336,0.602575610736763,1.67095210696957
"GALNT12",0.998807829998293,-0.00785906127309361,0.993729440897879,0.741793471321261,1.3448717464296
"MCTP2",0.999759809610103,-0.00109249773691735,0.999128313096402,0.64972985949524,1.53836192427439
"GIPC1",1.00007745257952,0.000500815101935279,0.999600407379053,0.738580478743499,1.35415833472804
