"ONTOLOGY","ID","Description","GeneRatio","BgRatio","RichFactor","FoldEnrichment","zScore","pvalue","p.adjust","qvalue","geneID","Count"
"BP","GO:0098754","detoxification","23/438","167/18986",0.137724550898204,5.96995050993903,9.91301677123304,6.22684197607481e-12,2.44092205462133e-08,2.120403557116e-08,"ABCG2/AQP8/SLC22A5/PRDX6/SLC30A10/AKR1B10/MT1M/UGT1A10/FABP1/GSTM2/MT1F/MT1H/MT1E/MT1G/HBA2/HBA1/HBB/CD36/MT1X/MT2A/GPX3/ABCB1/MB",23
"BP","GO:0009636","response to toxic substance","28/438","270/18986",0.103703703703704,4.4952477591747,8.88888202412434,3.39890175082114e-11,6.66184743160944e-08,5.78707745468758e-08,"ABCG2/AQP8/TRPM6/SLC22A5/PRDX6/SLC30A10/AKR1B10/BCL2/MT1M/UGT1A10/PINK1/FABP1/GSTM2/MT1F/CCL5/MT1H/MT1E/MT1G/EPHX2/HBA2/HBA1/HBB/CD36/MT1X/MT2A/GPX3/ABCB1/MB",28
"BP","GO:0007586","digestion","18/438","144/18986",0.125,5.41837899543379,8.17851631400657,6.14193949552659e-09,8.02546760748808e-06,6.9716400940451e-06,"SLC22A5/SST/FABP1/MOGAT2/PPARGC1A/GCNT3/NKX2-3/UCN3/FABP2/PBLD/DAO/CD36/ADRA2A/SGK1/PLS1/SI/CAPN9/MUC4",18
"BP","GO:0097501","stress response to metal ion","8/438","21/18986",0.380952380952381,16.513155033703,10.9301763482506,1.17723945421506e-08,1.10174816407319e-05,9.57077151121582e-06,"SLC30A10/MT1M/MT1F/MT1H/MT1E/MT1G/MT1X/MT2A",8
"BP","GO:0034308","primary alcohol metabolic process","15/438","103/18986",0.145631067961165,6.31267455778694,8.30787858630261,1.40529102560356e-08,1.10174816407319e-05,9.57077151121582e-06,"SULT1A2/NAAA/BMP5/AKR1B10/SULT1A1/SCNN1B/BMP2/DHRS9/SULT1B1/HSD11B2/GDPD3/ADH1C/ADH1B/RDH5/RETSAT",15
"BP","GO:0061687","detoxification of inorganic compound","8/438","23/18986",0.347826086956522,15.0772285090332,10.3805739876191,2.7238032990289e-08,1.55274271298398e-05,1.34885141689129e-05,"SLC30A10/MT1M/MT1F/MT1H/MT1E/MT1G/MT1X/MT2A",8
"BP","GO:0010273","detoxification of copper ion","7/438","16/18986",0.4375,18.9643264840183,11.0466622977176,3.16886267955914e-08,1.55274271298398e-05,1.34885141689129e-05,"MT1M/MT1F/MT1H/MT1E/MT1G/MT1X/MT2A",7
"BP","GO:1990169","stress response to copper ion","7/438","16/18986",0.4375,18.9643264840183,11.0466622977176,3.16886267955914e-08,1.55274271298398e-05,1.34885141689129e-05,"MT1M/MT1F/MT1H/MT1E/MT1G/MT1X/MT2A",7
"BP","GO:0071294","cellular response to zinc ion","8/438","24/18986",0.333333333333333,14.4490106544901,10.1308923301721,4.0036843594848e-08,1.74382696546449e-05,1.51484431613255e-05,"P2RX4/MT1M/MT1F/MT1H/MT1E/MT1G/MT1X/MT2A",8
"BP","GO:0006631","fatty acid metabolic process","29/438","405/18986",0.0716049382716049,3.10386154800158,6.57663801458955,7.82327180533897e-08,3.06672254769288e-05,2.66402992529175e-05,"APPL2/ACADS/NAAA/UGT1A8/ABHD3/HPGD/ACSF2/UGT1A10/FABP1/CYP4F12/CEACAM1/HPGDS/MGLL/PPARGC1A/GSTM2/ACAA2/ADTRP/PLP1/PCK1/CES2/ETFDH/EDN2/FABP2/TNXB/PDK4/CD36/ACAT1/ECH1/PLA2G10",29
"BP","GO:0006066","alcohol metabolic process","27/438","363/18986",0.0743801652892562,3.22415940224159,6.57488577915865,1.02955151465072e-07,3.66894721584622e-05,3.1871762199953e-05,"SULT1A2/AQP8/NAAA/BMP5/AKR1B10/ABCA5/SULT1A1/P2RY1/MOGAT2/ITPKA/SCNN1B/ACAA2/BMP2/DHRS9/PCK1/SULT1B1/HSD11B2/GDPD3/HMGCS2/EPHX2/ADH1C/ADH1B/APOBR/RDH5/FMO5/RETSAT/NR1H4",27
"BP","GO:0006882","intracellular zinc ion homeostasis","9/438","37/18986",0.243243243243243,10.5438726397631,8.92947985190518,1.19593341466852e-07,3.90671582125048e-05,3.39372333022162e-05,"SLC30A10/MT1M/MT1F/MT1H/MT1E/MT1G/SLC1A1/MT1X/MT2A",9
"BP","GO:0042445","hormone metabolic process","21/438","241/18986",0.0871369294605809,3.77712726652646,6.66738285244026,2.06556510108314e-07,6.22847322788146e-05,5.41060979919348e-05,"DHRS11/UGT1A8/BMP5/AKR1B10/HSD17B2/SULT1A1/SCNN1B/BMP2/UGT2A3/DHRS9/PAPSS2/SULT1B1/ADH1C/HSD3B2/ADH1B/CTSG/MEP1A/RDH5/PCSK6/RETSAT/PCSK1N",21
"BP","GO:0006821","chloride transport","15/438","128/18986",0.1171875,5.07973030821918,7.11676190261272,2.6891835165702e-07,7.52971384639655e-05,6.54098396699593e-05,"BEST4/CA7/CLCA4/CA2/SLC26A2/SLC26A3/CLIC5/ANO7/FXYD1/ATP8B1/SLC1A1/CLCA1/BEST2/FXYD3/ABCB1",15
"BP","GO:0015698","inorganic anion transport","17/438","174/18986",0.0977011494252874,4.23505484700572,6.58768158716492,6.08436002266334e-07,0.000159004608592269,0.000138125646830287,"BEST4/CA7/CLCA4/SLC17A4/SLC4A4/CA2/SLC26A2/SLC26A3/CLIC5/ANO7/FXYD1/ATP8B1/SLC1A1/CLCA1/BEST2/FXYD3/ABCB1",17
"BP","GO:0016042","lipid catabolic process","25/438","351/18986",0.0712250712250712,3.08739543899361,6.06579043944866,6.89988020646291e-07,0.000169047065058341,0.000146849424130971,"PLCD1/FUCA1/ACADS/PRDX6/NAAA/ABHD3/HPGD/PLCE1/AKR1B10/PLCD3/FABP1/CYP4F12/NEU4/MGLL/ACAA2/ADTRP/PCK1/GDPD3/ETFDH/ADRA2A/ACAT1/ECH1/GBA3/LIPH/PLA2G10",25
"BP","GO:0006820","monoatomic anion transport","17/438","177/18986",0.096045197740113,4.16327425637851,6.49732273063131,7.74634394281266e-07,0.000178621577975445,0.000155166703746123,"BEST4/CA7/CLCA4/SLC17A4/SLC4A4/CA2/SLC26A2/SLC26A3/CLIC5/ANO7/FXYD1/ATP8B1/SLC1A1/CLCA1/BEST2/FXYD3/ABCB1",17
"BP","GO:0071280","cellular response to copper ion","7/438","25/18986",0.28,12.1371689497717,8.56264631316655,1.1122265690568e-06,0.000242218230594591,0.000210412453268932,"MT1M/MT1F/MT1H/MT1E/MT1G/MT1X/MT2A",7
"BP","GO:0071276","cellular response to cadmium ion","7/438","27/18986",0.259259259259259,11.2381193979367,8.18065676136052,1.97427052486201e-06,0.000407323181971531,0.000353837404317375,"MT1M/MT1F/MT1H/MT1E/MT1G/MT1X/MT2A",7
"BP","GO:0010043","response to zinc ion","9/438","52/18986",0.173076923076923,7.50237091675448,7.2151611798777,2.6033457088208e-06,0.000510255758928876,0.000443253861475541,"SLC30A10/P2RX4/MT1M/MT1F/MT1H/MT1E/MT1G/MT1X/MT2A",9
"BP","GO:0050900","leukocyte migration","26/438","404/18986",0.0643564356435644,2.78966047289661,5.58738906196422,2.75505646704619e-06,0.000514277207181955,0.000446747251673906,"GPR15/PTGER4/EDN3/CCL23/BMP5/P2RX4/CD177/MMP28/PTN/CHGA/ADTRP/IL6R/CXCL12/PADI2/CCL5/NKX2-3/EDN2/CCL15/CCL28/CTSG/LYVE1/MCOLN2/S100A14/CXCL13/CCL14/CCL19",26
"BP","GO:0008202","steroid metabolic process","23/438","334/18986",0.0688622754491018,2.98497525496951,5.6241829507537,3.4070479116928e-06,0.000607073991537989,0.000527358851403168,"SULT1A2/AQP8/DHRS11/UGT1A8/BMP5/HSD17B2/ABCA5/SULT1A1/SCNN1B/ACAA2/BMP2/UGT2A3/DHRS9/HSD11B2/HMGCS2/EPHX2/ATP8B1/NR5A2/HSD3B2/APOBR/RDH5/FMO5/NR1H4",23
"BP","GO:0120254","olefinic compound metabolic process","15/438","163/18986",0.0920245398773006,3.988990671485,5.88935526400928,5.85250910196007e-06,0.000997471116507978,0.000866492766354272,"BMP5/AKR1B10/CYP4F12/SCNN1B/MGLL/GSTM2/BMP2/DHRS9/HSD11B2/EPHX2/ADH1C/ADH1B/RDH5/PLA2G10/RETSAT",15
"BP","GO:0097305","response to alcohol","20/438","275/18986",0.0727272727272727,3.15251141552511,5.52531602955377,6.60988497022643e-06,0.00107961454513698,0.000937849906959758,"KLF4/HPGD/PTGER4/CD27/ADCY5/SCNN1B/SFRP1/PTGDR/PCK1/HMGCS2/UCN3/FGFR2/ADRA2A/SGK1/CLDN5/CLDN7/SCNN1A/CDA/CCL19/FOSB",20
"BP","GO:0006805","xenobiotic metabolic process","13/438","127/18986",0.102362204724409,4.43709776004027,5.97211589940927,7.69219069784871e-06,0.00118913909827736,0.00103299274514695,"SULT1A2/UGT1A8/CES3/UGT1A10/SULT1A1/CYP4F12/GSTM2/SULT1B1/CES2/CMBL/NAT2/ABCB1/FMO5",13
"BP","GO:0045926","negative regulation of growth","18/438","232/18986",0.0775862068965517,3.36313179026925,5.56517456548072,7.88714708041104e-06,0.00118913909827736,0.00103299274514695,"SEMA6D/PI16/BCL2/MT1M/CITED2/PLAC8/SFRP1/MT1F/MT1H/MT1E/ACVRL1/MT1G/FRZB/CDHR2/MT1X/MT2A/FHL1/CDA",18
"BP","GO:0022600","digestive system process","12/438","112/18986",0.107142857142857,4.64432485322896,5.94412496535204,1.0756150463493e-05,0.00151386451744874,0.00131507833349803,"SLC22A5/FABP1/MOGAT2/GCNT3/NKX2-3/FABP2/PBLD/CD36/ADRA2A/SGK1/PLS1/MUC4",12
"BP","GO:0043270","positive regulation of monoatomic ion transport","17/438","215/18986",0.0790697674418605,3.42743973664649,5.50069790549728,1.09643782873526e-05,0.00151386451744874,0.00131507833349803,"ANK3/EDN3/P2RX4/GCG/P2RY1/GSTM2/CXCL12/PLP1/CCL5/FXYD1/SRI/ADRA2A/FXYD3/MS4A1/AKAP7/FHL1/LRRC26",17
"BP","GO:0044242","cellular lipid catabolic process","18/438","238/18986",0.0756302521008403,3.27834695522044,5.4353145101526,1.11995079096973e-05,0.00151386451744874,0.00131507833349803,"FUCA1/ACADS/PRDX6/ABHD3/AKR1B10/FABP1/CYP4F12/NEU4/MGLL/ACAA2/ADTRP/PCK1/GDPD3/ETFDH/ACAT1/ECH1/GBA3/PLA2G10",18
"BP","GO:0097529","myeloid leukocyte migration","18/438","243/18986",0.0740740740740741,3.21089125655336,5.33021563388003,1.48596828308392e-05,0.00189414676727208,0.00164542556179516,"PTGER4/EDN3/CCL23/P2RX4/CD177/MMP28/CHGA/IL6R/CXCL12/CCL5/EDN2/CCL15/CTSG/MCOLN2/S100A14/CXCL13/CCL14/CCL19",18
"BP","GO:0097237","cellular response to toxic substance","13/438","135/18986",0.0962962962962963,4.17415863351936,5.68750939964867,1.49792218840394e-05,0.00189414676727208,0.00164542556179516,"ABCG2/AQP8/PRDX6/AKR1B10/PINK1/FABP1/GSTM2/HBA2/HBA1/HBB/CD36/GPX3/MB",13
"BP","GO:0061844","antimicrobial humoral immune response mediated by antimicrobial peptide","13/438","136/18986",0.0955882352941176,4.14346629062584,5.65348698604949,1.62212579565254e-05,0.00198710409967436,0.00172617662793946,"NPY/CCL23/CXCL12/CCL5/LGALS4/CCL15/CCL28/DEFB1/CXCL14/VIP/CXCL13/CCL14/CCL19",13
"BP","GO:0046688","response to copper ion","7/438","37/18986",0.189189189189189,8.20078983092682,6.73723446865497,1.8753580972217e-05,0.00222769810336638,0.0019351781322208,"MT1M/MT1F/MT1H/MT1E/MT1G/MT1X/MT2A",7
"BP","GO:0071248","cellular response to metal ion","15/438","183/18986",0.0819672131147541,3.55303540684183,5.33288995560327,2.35375180496056e-05,0.002713737375131,0.00235739538360601,"ANK3/P2RX4/MT1M/CPNE8/CHP2/ITPKA/MT1F/MT1H/MT1E/MT1G/SLC1A1/MT1X/MT2A/FABP4/FOSB",15
"BP","GO:0042886","amide transport","21/438","328/18986",0.0640243902439024,2.77526729034414,4.98381532335383,2.70352014706478e-05,0.00302794256471255,0.00263034215812167,"ABCG2/AQP8/GLTP/CWH43/GNA11/CA2/EDN3/GCG/ADCY5/SFRP1/CHGA/CCL5/UCN3/SRI/ADRA2A/FOLR2/ABCB1/SLC15A1/FAM3D/VIP/NR1H4",21
"BP","GO:1990748","cellular detoxification","12/438","125/18986",0.096,4.16131506849315,5.44921875576853,3.27678063289166e-05,0.00356805002248203,0.00309952787935805,"ABCG2/AQP8/PRDX6/AKR1B10/FABP1/GSTM2/HBA2/HBA1/HBB/CD36/GPX3/MB",12
"BP","GO:0002685","regulation of leukocyte migration","17/438","236/18986",0.0720338983050847,3.12245569228388,5.04182550217132,3.64737072874907e-05,0.00376596531004182,0.00327145482760078,"PTGER4/EDN3/BMP5/P2RX4/MMP28/PTN/ADTRP/IL6R/CXCL12/PADI2/CCL5/EDN2/CCL28/LYVE1/S100A14/CXCL13/CCL19",17
"BP","GO:0008217","regulation of blood pressure","15/438","190/18986",0.0789473684210526,3.42213410237924,5.1562750887179,3.6506806576936e-05,0.00376596531004182,0.00327145482760078,"NPY/GNA11/EDN3/P2RX4/CYP4F12/SCNN1B/CHGA/ACVRL1/HSD11B2/HBB/EDN2/SGK1/CTSG/SCNN1A/KLK1",15
"BP","GO:1902476","chloride transmembrane transport","11/438","112/18986",0.0982142857142857,4.25729778212655,5.31285926642057,5.63265239952561e-05,0.00566153779644625,0.00491811889675178,"BEST4/CLCA4/SLC26A2/SLC26A3/CLIC5/ANO7/FXYD1/SLC1A1/CLCA1/BEST2/FXYD3",11
"BP","GO:0050892","intestinal absorption","7/438","44/18986",0.159090909090909,6.89611872146119,6.01690915127087,6.07370446859731e-05,0.00595223037922536,0.00517064051471376,"FABP1/MOGAT2/GCNT3/FABP2/CD36/ADRA2A/PLS1",7
"BP","GO:0071674","mononuclear cell migration","16/438","231/18986",0.0692640692640693,3.00239182430963,4.70533264543685,9.77135530859396e-05,0.00934236897797276,0.00811561859391565,"GPR15/CCL23/BMP5/P2RX4/MMP28/ADTRP/IL6R/CXCL12/PADI2/CCL5/EDN2/CTSG/MCOLN2/S100A14/CXCL13/CCL19",16
"BP","GO:0019730","antimicrobial humoral response","14/438","185/18986",0.0756756756756757,3.28031593237073,4.78943433742804,0.000104059221735374,0.00971219402863487,0.00843688176225398,"NPY/CCL23/CXCL12/CCL5/LGALS4/CCL15/CCL28/CTSG/DEFB1/CXCL14/VIP/CXCL13/CCL14/CCL19",14
"BP","GO:0009311","oligosaccharide metabolic process","8/438","64/18986",0.125,5.41837899543379,5.4408060645488,0.00010748922927636,0.0097990181107751,0.00851230493779738,"B3GALT1/NEU4/B3GALT5/ST6GALNAC6/B4GALNT2/GBA3/SI/ST6GALNAC1",8
"BP","GO:0006959","humoral immune response","19/438","310/18986",0.0612903225806452,2.65675357195463,4.51950261764188,0.000115362719599853,0.0102777695643505,0.00892819133745273,"NPY/CFD/CCL23/BCL2/CXCL12/CCL5/POU2AF1/LGALS4/CCL15/CCL28/CTSG/MS4A1/C7/DEFB1/CXCL14/VIP/CXCL13/CCL14/CCL19",19
"BP","GO:0015669","gas transport","5/438","22/18986",0.227272727272727,9.85159817351598,6.38354420237876,0.00012158797174043,0.0105916633160552,0.0092008675691296,"CA2/HBA2/HBA1/HBB/MB",5
"BP","GO:0090075","relaxation of muscle","6/438","35/18986",0.171428571428571,7.43091976516634,5.85173782095821,0.000134035359576939,0.011422143685687,0.00992229721353314,"P2RX4/P2RY1/GSTM2/CHGA/SRI/GSN",6
"BP","GO:0009410","response to xenobiotic stimulus","24/438","451/18986",0.0532150776053215,2.30671566989643,4.31585541742026,0.000139561633062512,0.0116400340767031,0.0101115763260297,"SULT1A2/UGT1A8/C1orf115/SST/BCL2/CES3/UGT1A10/SULT1A1/CYP4F12/SCNN1B/SFRP1/TLR3/GSTM2/SULT1B1/HSD11B2/HMGCS2/CES2/SLC1A1/TXNIP/CMBL/NAT2/ABCB1/FMO5/FOSB",24
"BP","GO:0030595","leukocyte chemotaxis","16/438","240/18986",0.0666666666666667,2.88980213089802,4.52753129849923,0.000152256156169417,0.0121568097343866,0.0105604939556232,"EDN3/CCL23/MMP28/PTN/CHGA/IL6R/CXCL12/PADI2/CCL5/EDN2/CCL15/CTSG/S100A14/CXCL13/CCL14/CCL19",16
"BP","GO:0016338","calcium-independent cell-cell adhesion via plasma membrane cell-adhesion molecules","5/438","23/18986",0.217391304347826,9.42326781814572,6.21133305804367,0.000152435397238968,0.0121568097343866,0.0105604939556232,"CLDN23/BMP2/CLDN8/CLDN5/CLDN7",5
"BP","GO:0046686","response to cadmium ion","7/438","51/18986",0.137254901960784,5.9495926224371,5.43895795242415,0.000159719934844672,0.0121568097343866,0.0105604939556232,"MT1M/MT1F/MT1H/MT1E/MT1G/MT1X/MT2A",7
"BP","GO:0002688","regulation of leukocyte chemotaxis","11/438","126/18986",0.0873015873015873,3.7842646952236,4.8185765333167,0.00016352276887983,0.0121568097343866,0.0105604939556232,"EDN3/MMP28/PTN/IL6R/CXCL12/PADI2/CCL5/EDN2/S100A14/CXCL13/CCL19",11
"BP","GO:0009812","flavonoid metabolic process","4/438","13/18986",0.307692307692308,13.3375482964524,6.83795677170311,0.00016931725188982,0.0121568097343866,0.0105604939556232,"UGT1A8/UGT1A10/SULT1A1/SULT1B1",4
"BP","GO:0010960","magnesium ion homeostasis","4/438","13/18986",0.307692307692308,13.3375482964524,6.83795677170311,0.00016931725188982,0.0121568097343866,0.0105604939556232,"CNNM2/ANK3/EDN3/CNNM4",4
"BP","GO:0032530","regulation of microvillus organization","4/438","13/18986",0.307692307692308,13.3375482964524,6.83795677170311,0.00016931725188982,0.0121568097343866,0.0105604939556232,"CDHR5/ATP8B1/CDHR2/PLS1",4
"BP","GO:0009062","fatty acid catabolic process","10/438","106/18986",0.0943396226415094,4.08934263806324,4.90130612519251,0.00017056748351818,0.0121568097343866,0.0105604939556232,"ACADS/ABHD3/FABP1/CYP4F12/ACAA2/ADTRP/PCK1/ETFDH/ACAT1/ECH1",10
"BP","GO:0062012","regulation of small molecule metabolic process","20/438","348/18986",0.0574712643678161,2.49120873353278,4.31441800008397,0.00018268150399539,0.0126981057399719,0.0110307121559638,"AQP8/APPL2/SLC4A4/UGT1A8/BMP5/UGT1A10/GCG/PINK1/P2RY1/FABP1/CEACAM1/PPARGC1A/BMP2/EPHX2/PID1/GPT/PDK4/FMO5/CDA/NR1H4",20
"BP","GO:0015701","bicarbonate transport","6/438","37/18986",0.162162162162162,7.0292484265087,5.64111177702987,0.000184640823259795,0.0126981057399719,0.0110307121559638,"BEST4/CA4/SLC4A4/SLC26A2/SLC26A3/BEST2",6
"BP","GO:0032528","microvillus organization","5/438","24/18986",0.208333333333333,9.03063165905632,6.04932710451891,0.00018892436126926,0.0127686809685431,0.011092020121707,"CDHR5/ATP8B1/CDHR2/PLS1/MYO1A",5
"BP","GO:0015711","organic anion transport","24/438","462/18986",0.051948051948052,2.25179386823222,4.18581696536722,0.000200164148236946,0.0132990417133699,0.0115527389749602,"BEST4/ABCG2/SLC17A4/CA4/GLTP/SLC36A1/SLC4A4/SLC26A2/SLC26A3/P2RX4/FABP1/CEACAM1/ATP8B1/FABP2/SLC1A1/CD36/BEST2/FOLR2/SLC16A9/ABCB1/PLA2G10/SLC6A8/SLC44A4/FABP4",24
"BP","GO:0098656","monoatomic anion transmembrane transport","12/438","151/18986",0.0794701986754967,3.44479724213009,4.63492083499692,0.000203566684873604,0.0132996900784088,0.0115533022029142,"BEST4/CLCA4/SLC4A4/SLC26A2/SLC26A3/CLIC5/ANO7/FXYD1/SLC1A1/CLCA1/BEST2/FXYD3",12
"BP","GO:0071466","cellular response to xenobiotic stimulus","14/438","198/18986",0.0707070707070707,3.06494165398275,4.48842442151668,0.000212535357142385,0.0136580098360352,0.011864570843065,"SULT1A2/UGT1A8/CES3/UGT1A10/SULT1A1/CYP4F12/TLR3/GSTM2/SULT1B1/CES2/CMBL/NAT2/ABCB1/FMO5",14
"BP","GO:0048762","mesenchymal cell differentiation","17/438","274/18986",0.062043795620438,2.68941439189414,4.32857731361742,0.000226040918508126,0.0141813119880046,0.0123191579702457,"GCNT2/SEMA6D/EDN3/PDCD4/BMP5/BCL2/CITED2/TMEM100/SFRP1/SEMA6A/BMP2/GLIPR2/TCF21/FRZB/FGFR2/TNXB/SEMA4G",17
"BP","GO:0072329","monocarboxylic acid catabolic process","11/438","131/18986",0.083969465648855,3.63982711143644,4.65898890976088,0.000230443956149037,0.0141813119880046,0.0123191579702457,"ACADS/ABHD3/LDHD/FABP1/CYP4F12/ACAA2/ADTRP/PCK1/ETFDH/ACAT1/ECH1",11
"BP","GO:1901654","response to ketone","15/438","224/18986",0.0669642857142857,2.9027030332681,4.40199217545289,0.000231531624293952,0.0141813119880046,0.0123191579702457,"KLF4/PTGER4/ADCY5/SCNN1B/SFRP1/PTGDR/PCK1/HMGCS2/UCN3/TXNIP/SGK1/SCNN1A/CDA/CCL19/FOSB",15
"BP","GO:0060326","cell chemotaxis","19/438","328/18986",0.0579268292682927,2.51095611983517,4.24179857529511,0.000238212053837835,0.0143660192468356,0.0124796112415449,"EDN3/CCL23/P2RX4/MMP28/PTN/CHGA/IL6R/CXCL12/PADI2/CCL5/EDN2/CCL15/CCL28/CTSG/CXCL14/S100A14/CXCL13/CCL14/CCL19",19
"BP","GO:0002446","neutrophil mediated immunity","6/438","39/18986",0.153846153846154,6.6687741482262,5.44559128770219,0.000249237616854265,0.0148032039101321,0.0128593890035654,"CD177/SCNN1B/IL6R/DNASE1L3/DAO/CTSG",6
"BP","GO:0098661","inorganic anion transmembrane transport","11/438","133/18986",0.0827067669172932,3.5850928691592,4.59732862294797,0.000263042156353318,0.0153899291478359,0.0133690711045245,"BEST4/CLCA4/SLC26A2/SLC26A3/CLIC5/ANO7/FXYD1/SLC1A1/CLCA1/BEST2/FXYD3",11
"BP","GO:0006935","chemotaxis","24/438","472/18986",0.0508474576271186,2.20408637102391,4.070730233003,0.000274404713745403,0.0156507715251772,0.013595662160029,"PTGDR2/SEMA6D/EDN3/CCL23/P2RX4/MMP28/PTN/CHGA/IL6R/CXCL12/PADI2/SEMA6A/CCL5/EDN2/CCL15/CCL28/CTSG/DEFB1/SEMA4G/CXCL14/S100A14/CXCL13/CCL14/CCL19",24
"BP","GO:0097530","granulocyte migration","12/438","156/18986",0.0769230769230769,3.3343870741131,4.49887390983322,0.000275485519193169,0.0156507715251772,0.013595662160029,"PTGER4/EDN3/CCL23/CD177/CCL5/EDN2/CCL15/MCOLN2/S100A14/CXCL13/CCL14/CCL19",12
"BP","GO:0006730","one-carbon metabolic process","6/438","40/18986",0.15,6.50205479452055,5.35291013814955,0.000287574870160042,0.0161041927289623,0.013989544435605,"CA7/CA4/CA1/CA2/AHCYL2/CA12",6
"BP","GO:0042330","taxis","24/438","474/18986",0.0506329113924051,2.19478642853014,4.04805675913384,0.000291876362234217,0.0161148639430723,0.01399881440812,"PTGDR2/SEMA6D/EDN3/CCL23/P2RX4/MMP28/PTN/CHGA/IL6R/CXCL12/PADI2/SEMA6A/CCL5/EDN2/CCL15/CCL28/CTSG/DEFB1/SEMA4G/CXCL14/S100A14/CXCL13/CCL14/CCL19",24
"BP","GO:0015670","carbon dioxide transport","4/438","15/18986",0.266666666666667,11.5592085235921,6.2867428467854,0.000311607661121219,0.0165067842107456,0.014339271461268,"CA2/HBA2/HBA1/HBB",4
"BP","GO:0015671","oxygen transport","4/438","15/18986",0.266666666666667,11.5592085235921,6.2867428467854,0.000311607661121219,0.0165067842107456,0.014339271461268,"HBA2/HBA1/HBB/MB",4
"BP","GO:0044070","regulation of monoatomic anion transport","4/438","15/18986",0.266666666666667,11.5592085235921,6.2867428467854,0.000311607661121219,0.0165067842107456,0.014339271461268,"CA7/CA2/ATP8B1/ABCB1",4
"BP","GO:0002686","negative regulation of leukocyte migration","7/438","57/18986",0.12280701754386,5.32331971481214,5.02324959536477,0.000323913354510616,0.0169298713290882,0.014706802832868,"PTGER4/BMP5/MMP28/ADTRP/CXCL12/PADI2/CCL28",7
"BP","GO:0009100","glycoprotein metabolic process","21/438","392/18986",0.0535714285714286,2.32216242661448,4.0647631407445,0.00032958994948187,0.0169999026574859,0.0147676383181974,"CWH43/GCNT2/BCL2/MUSTN1/B3GALT1/NEU4/ITM2A/UGDH/ENTPD5/B3GALT5/BMP2/ITM2C/GCNT3/ST6GALNAC6/B4GALNT2/DERL3/B3GNT7/B3GNT6/PCSK6/ST6GALNAC1/CCL19",21
"BP","GO:0009312","oligosaccharide biosynthetic process","5/438","27/18986",0.185185185185185,8.02722814138339,5.61502939885778,0.000338964702406568,0.0170134187222339,0.0147793795828213,"B3GALT1/B3GALT5/ST6GALNAC6/B4GALNT2/ST6GALNAC1",5
"BP","GO:0019755","one-carbon compound transport","5/438","27/18986",0.185185185185185,8.02722814138339,5.61502939885778,0.000338964702406568,0.0170134187222339,0.0147793795828213,"AQP8/CA2/HBA2/HBA1/HBB",5
"BP","GO:0006790","sulfur compound metabolic process","19/438","338/18986",0.0562130177514793,2.4366674772365,4.0953619668767,0.000347068279913624,0.0170134187222339,0.0147793795828213,"SULT1A2/ACSF2/ETHE1/GSTM5/TST/AHCYL2/SULT1A1/HPGDS/UGDH/GSTM2/PAPSS2/SULT1B1/HMGCS2/SLC1A1/CHST5/PDK4/ACAT1/B3GNT7/GGT6",19
"BP","GO:0002690","positive regulation of leukocyte chemotaxis","9/438","95/18986",0.0947368421052632,4.10656092285508,4.66453134699584,0.000347212626984365,0.0170134187222339,0.0147793795828213,"EDN3/PTN/IL6R/CXCL12/CCL5/EDN2/S100A14/CXCL13/CCL19",9
"BP","GO:0048545","response to steroid hormone","19/438","340/18986",0.0558823529411765,2.42233413913511,4.06669933898305,0.000373405794626566,0.0180709964806931,0.0156980863627933,"SST/BCL2/FAM107A/NR3C2/SCNN1B/SFRP1/ADTRP/PADI2/PCK1/HSD11B2/HMGCS2/UCN3/TCF21/PAQR8/TXNIP/SGK1/SCGB2A1/SCNN1A/FOSB",19
"BP","GO:0030183","B cell differentiation","11/438","139/18986",0.079136690647482,3.43034065897967,4.41923656018015,0.00038509828760797,0.0184095766758932,0.0159922074507289,"AQP8/PLCL2/BCL2/CD27/CD79A/ITM2A/SFRP1/CD79B/POU2AF1/NKX2-3/MS4A1",11
"BP","GO:0002366","leukocyte activation involved in immune response","18/438","315/18986",0.0571428571428571,2.47697325505545,4.06198140546436,0.000405988168183916,0.0190372000545263,0.0165374173405995,"LY9/PLCL2/SEMA6D/PTGER4/IRF4/CD177/SCNN1B/CEACAM1/ITM2A/CHGA/IL6R/PTGDR/POU2AF1/PCK1/NKX2-3/FGL2/DNASE1L3/CCL19",18
"BP","GO:0070942","neutrophil mediated cytotoxicity","4/438","16/18986",0.25,10.8367579908676,6.04884039076888,0.000407940001168421,0.0190372000545263,0.0165374173405995,"SCNN1B/DNASE1L3/DAO/CTSG",4
"BP","GO:0042180","cellular ketone metabolic process","15/438","237/18986",0.0632911392405063,2.74348303566268,4.15046405324649,0.000422774244639245,0.0194973533998334,0.0169371477573741,"APPL2/UGT1A8/BMP5/AKR1B10/UGT1A10/FABP1/CYP4F12/SCNN1B/CEACAM1/PPARGC1A/BMP2/DHRS9/HSD11B2/PDK4/NR1H4",15
"BP","GO:1901616","organic hydroxy compound catabolic process","7/438","60/18986",0.116666666666667,5.05715372907154,4.83683735043808,0.000445937716056581,0.0201401150052291,0.0174955080671096,"SULT1A2/AKR1B10/LDHD/SULT1A1/CYP4F12/SULT1B1/MAOA",7
"BP","GO:0010038","response to metal ion","19/438","345/18986",0.0550724637681159,2.38722784726358,3.99591788441515,0.000446987246289523,0.0201401150052291,0.0174955080671096,"ANK3/SLC30A10/BCL2/P2RX4/MT1M/CPNE8/CHP2/ITPKA/MT1F/MT1H/MT1E/MT1G/HMGCS2/SLC1A1/TXNIP/MT1X/MT2A/FABP4/FOSB",19
"BP","GO:0002263","cell activation involved in immune response","18/438","319/18986",0.0564263322884013,2.44591402928673,4.00215921389506,0.000471481944906631,0.0207811666273555,0.0180523829321953,"LY9/PLCL2/SEMA6D/PTGER4/IRF4/CD177/SCNN1B/CEACAM1/ITM2A/CHGA/IL6R/PTGDR/POU2AF1/PCK1/NKX2-3/FGL2/DNASE1L3/CCL19",18
"BP","GO:0098869","cellular oxidant detoxification","9/438","99/18986",0.0909090909090909,3.94063926940639,4.50787299833414,0.000471817303529246,0.0207811666273555,0.0180523829321953,"PRDX6/FABP1/GSTM2/HBA2/HBA1/HBB/CD36/GPX3/MB",9
"BP","GO:0044282","small molecule catabolic process","20/438","375/18986",0.0533333333333333,2.31184170471842,3.94281159548036,0.000480313186979838,0.0209203076995663,0.0181732533319272,"SULT1A2/ACADS/ABHD3/AKR1B10/TST/LDHD/SULT1A1/FABP1/CYP4F12/ACAA2/ADTRP/PCK1/SULT1B1/ETFDH/GPT/XDH/DAO/ACAT1/ECH1/CDA",20
"BP","GO:1904064","positive regulation of cation transmembrane transport","11/438","144/18986",0.0763888888888889,3.31123160832065,4.27814033916804,0.000520232568493222,0.021056768402875,0.0182917953231205,"ANK3/EDN3/P2RX4/GSTM2/PLP1/FXYD1/SRI/FXYD3/MS4A1/AKAP7/LRRC26",11
"BP","GO:0033865","nucleoside bisphosphate metabolic process","4/438","17/18986",0.235294117647059,10.1993016384636,5.83110570241841,0.000523790372531463,0.021056768402875,0.0182917953231205,"SULT1A2/SULT1A1/PAPSS2/SULT1B1",4
"BP","GO:0033875","ribonucleoside bisphosphate metabolic process","4/438","17/18986",0.235294117647059,10.1993016384636,5.83110570241841,0.000523790372531463,0.021056768402875,0.0182917953231205,"SULT1A2/SULT1A1/PAPSS2/SULT1B1",4
"BP","GO:0034032","purine nucleoside bisphosphate metabolic process","4/438","17/18986",0.235294117647059,10.1993016384636,5.83110570241841,0.000523790372531463,0.021056768402875,0.0182917953231205,"SULT1A2/SULT1A1/PAPSS2/SULT1B1",4
"BP","GO:0034035","purine ribonucleoside bisphosphate metabolic process","4/438","17/18986",0.235294117647059,10.1993016384636,5.83110570241841,0.000523790372531463,0.021056768402875,0.0182917953231205,"SULT1A2/SULT1A1/PAPSS2/SULT1B1",4
"BP","GO:0034310","primary alcohol catabolic process","4/438","17/18986",0.235294117647059,10.1993016384636,5.83110570241841,0.000523790372531463,0.021056768402875,0.0182917953231205,"SULT1A2/AKR1B10/SULT1A1/SULT1B1",4
"BP","GO:0050427","3'-phosphoadenosine 5'-phosphosulfate metabolic process","4/438","17/18986",0.235294117647059,10.1993016384636,5.83110570241841,0.000523790372531463,0.021056768402875,0.0182917953231205,"SULT1A2/SULT1A1/PAPSS2/SULT1B1",4
"BP","GO:0009101","glycoprotein biosynthetic process","18/438","322/18986",0.0559006211180124,2.42312601038033,3.9578810849244,0.000526419210071875,0.021056768402875,0.0182917953231205,"CWH43/GCNT2/BCL2/MUSTN1/B3GALT1/ITM2A/UGDH/ENTPD5/B3GALT5/ITM2C/GCNT3/ST6GALNAC6/B4GALNT2/DERL3/B3GNT7/B3GNT6/ST6GALNAC1/CCL19",18
"BP","GO:0034109","homotypic cell-cell adhesion","9/438","101/18986",0.0891089108910891,3.86260680862607,4.43259145178701,0.000546679745267,0.0216463091055216,0.0188039231891414,"ANK3/CEACAM1/CDHR5/IL6R/CCL5/HBB/CDHR2/DSC2/CTSG",9
"BP","GO:0031640","killing of cells of another organism","10/438","124/18986",0.0806451612903226,3.49572838415083,4.28457848857073,0.000605557837702517,0.0235028388494442,0.020416671234681,"SCNN1B/CHGA/CXCL12/DAO/CCL28/CTSG/C7/CXCL14/CXCL13/CCL19",10
"BP","GO:0141061","disruption of cell in another organism","10/438","124/18986",0.0806451612903226,3.49572838415083,4.28457848857073,0.000605557837702517,0.0235028388494442,0.020416671234681,"SCNN1B/CHGA/CXCL12/DAO/CCL28/CTSG/C7/CXCL14/CXCL13/CCL19",10
"BP","GO:0016485","protein processing","15/438","246/18986",0.0609756097560976,2.64311170508965,3.98605844427353,0.000623554925012465,0.02396407162793,0.0208173393438114,"CWH43/CLEC3B/IL1R2/CASP7/CPM/PRKACB/CTSG/MEP1A/GSN/TMPRSS2/PCSK6/KLK1/PCSK1N/CTSE/SPON1",15
"BP","GO:0043603","amide metabolic process","23/438","472/18986",0.048728813559322,2.11224943889792,3.76025136279235,0.000658821720552375,0.0242283739173887,0.0210469359889238,"ABCA8/NAAA/ACSF2/ETHE1/GSTM5/B3GALT1/NEU4/HPGDS/GSTM2/HMGCS2/ST6GALNAC6/SLC1A1/PDK4/XDH/CTSG/ACAT1/MEP1A/GGT6/GBA3/PCSK6/PCSK1N/SPON1/NR1H4",23
"BP","GO:0034112","positive regulation of homotypic cell-cell adhesion","4/438","18/18986",0.222222222222222,9.63267376966007,5.63072897157487,0.000661247248655053,0.0242283739173887,0.0210469359889238,"ANK3/IL6R/CCL5/CTSG",4
"BP","GO:0055119","relaxation of cardiac muscle","4/438","18/18986",0.222222222222222,9.63267376966007,5.63072897157487,0.000661247248655053,0.0242283739173887,0.0210469359889238,"P2RX4/GSTM2/CHGA/GSN",4
"BP","GO:0110096","cellular response to aldehyde","4/438","18/18986",0.222222222222222,9.63267376966007,5.63072897157487,0.000661247248655053,0.0242283739173887,0.0210469359889238,"AKR1B10/SCNN1B/SGK1/SCNN1A",4
"BP","GO:0072677","eosinophil migration","5/438","31/18986",0.161290322580645,6.99145676830166,5.13032874329043,0.000661335716622599,0.0242283739173887,0.0210469359889238,"PTGER4/CCL23/CCL5/CCL15/CCL14",5
"BP","GO:0055074","calcium ion homeostasis","18/438","329/18986",0.0547112462006079,2.37157013781904,3.85646040341373,0.000676520626633944,0.0245551931148617,0.0213308404206706,"PLCD1/SCGN/SLC35G1/EDN3/PLCE1/CCL23/BCL2/P2RY1/GSTM2/CXCL12/CCL5/EDN2/SRI/CCL15/ATP2A3/S100A14/CCL14/CCL19",18
"BP","GO:0003018","vascular process in circulatory system","16/438","276/18986",0.0579710144927536,2.51287141817219,3.89057218666159,0.000718798060326635,0.0258503522612882,0.022455931677032,"ABCG2/SLC4A4/SLC22A5/EDN3/P2RY1/SCNN1B/CEACAM1/HBB/EDN2/SLC1A1/CD36/ATP8A1/ADRA2A/ATP2A3/CLDN5/ABCB1",16
"BP","GO:0141060","disruption of anatomical structure in another organism","10/438","127/18986",0.078740157480315,3.4131521231079,4.19296312419612,0.000730153775668603,0.0260200254601902,0.0226033250171094,"SCNN1B/CHGA/CXCL12/DAO/CCL28/CTSG/C7/CXCL14/CXCL13/CCL19",10
"BP","GO:0006874","intracellular calcium ion homeostasis","17/438","304/18986",0.0559210526315789,2.42401165585196,3.84620532161825,0.000742437505092449,0.0262194145942558,0.0227765322804559,"PLCD1/SCGN/SLC35G1/EDN3/PLCE1/CCL23/BCL2/P2RY1/GSTM2/CXCL12/CCL5/EDN2/SRI/CCL15/ATP2A3/CCL14/CCL19",17
"BP","GO:0006814","sodium ion transport","15/438","251/18986",0.0597609561752988,2.59046007749823,3.89786323298397,0.000766698623236554,0.0268344518132794,0.0233108087046076,"SLC17A4/SLC4A4/SLC22A5/ANK3/P2RX4/SLC6A19/SCNN1B/CNNM4/SLC9A2/FXYD1/SGK1/FXYD3/SCNN1A/SLC9A3/SLC6A8",15
"BP","GO:0002687","positive regulation of leukocyte migration","11/438","152/18986",0.0723684210526316,3.1369562605143,4.06480724867788,0.000817661708208439,0.0283649017360804,0.0246402946069334,"EDN3/P2RX4/PTN/IL6R/CXCL12/CCL5/EDN2/LYVE1/S100A14/CXCL13/CCL19",11
"BP","GO:0019395","fatty acid oxidation","9/438","107/18986",0.0841121495327103,3.64601203431059,4.2178198178024,0.000831632950087216,0.0285965014415955,0.0248414828580992,"APPL2/ACADS/FABP1/PPARGC1A/ACAA2/ETFDH/PDK4/ACAT1/ECH1",9
"BP","GO:0050432","catecholamine secretion","6/438","49/18986",0.122448979591837,5.30779983226167,4.63972005856459,0.000879837178364235,0.0299909716451113,0.0260528445950416,"PINK1/P2RY1/CHGA/CXCL12/ADRA2A/VIP",6
"BP","GO:0010232","vascular transport","8/438","88/18986",0.0909090909090909,3.94063926940639,4.24882631925237,0.000965681364156742,0.0323544525426874,0.0281059758258845,"ABCG2/SLC4A4/SLC22A5/SLC1A1/CD36/ATP8A1/ATP2A3/ABCB1",8
"BP","GO:0150104","transport across blood-brain barrier","8/438","88/18986",0.0909090909090909,3.94063926940639,4.24882631925237,0.000965681364156742,0.0323544525426874,0.0281059758258845,"ABCG2/SLC4A4/SLC22A5/SLC1A1/CD36/ATP8A1/ATP2A3/ABCB1",8
"BP","GO:0003014","renal system process","10/438","132/18986",0.0757575757575758,3.28386605783866,4.04622153156776,0.000984339101679141,0.0327000786320528,0.028406217608671,"ABCG2/BCL2/CYP4F12/SCNN1B/HSD11B2/HBB/PRKACB/SGK1/AMN/GSN",10
"BP","GO:0071456","cellular response to hypoxia","11/438","156/18986",0.0705128205128205,3.05652148460368,3.96336621064013,0.00101247588190757,0.0327687222501173,0.0284658476044923,"BCL2/CITED2/PINK1/FABP1/SFRP1/ACAA2/PCK1/UCN3/FGFR2/CLCA1/EGLN3",11
"BP","GO:0097306","cellular response to alcohol","9/438","110/18986",0.0818181818181818,3.54657534246575,4.11615480915243,0.0010138501013944,0.0327687222501173,0.0284658476044923,"KLF4/PTGER4/ADCY5/SCNN1B/SFRP1/PTGDR/PCK1/SGK1/SCNN1A",9
"BP","GO:1901655","cellular response to ketone","9/438","110/18986",0.0818181818181818,3.54657534246575,4.11615480915243,0.0010138501013944,0.0327687222501173,0.0284658476044923,"KLF4/PTGER4/ADCY5/SCNN1B/SFRP1/PTGDR/PCK1/SGK1/SCNN1A",9
"BP","GO:0060485","mesenchyme development","18/438","341/18986",0.0527859237536657,2.28811312417145,3.68844925732121,0.00101984288635569,0.0327687222501173,0.0284658476044923,"GCNT2/SEMA6D/EDN3/PDCD4/BMP5/BCL2/CITED2/TMEM100/SFRP1/SEMA6A/BMP2/ACVRL1/GLIPR2/TCF21/FRZB/FGFR2/TNXB/SEMA4G",18
"BP","GO:0042742","defense response to bacterium","18/438","342/18986",0.0526315789473684,2.28142273491949,3.67476645456113,0.00105419720038764,0.0334530729636113,0.0290603359391199,"NPY/CASP7/RNASE1/SCNN1B/PLAC8/TLR3/CHGA/IL6R/ZG16/LGALS4/DAO/CD36/CTSG/DEFB1/VIP/S100A14/CXCL13/NR1H4",18
"BP","GO:0007162","negative regulation of cell adhesion","17/438","314/18986",0.054140127388535,2.34681383241718,3.69803302448411,0.00105990661923199,0.0334530729636113,0.0290603359391199,"GCNT2/KLF4/ADAMDEC1/FAM107A/LGALS9C/CEACAM1/ADTRP/CXCL12/SEMA6A/BMP2/ACVRL1/FGL2/B4GALNT2/LGALS9B/CCL28/CTSG/CLDN7",17
"BP","GO:0034767","positive regulation of monoatomic ion transmembrane transport","11/438","157/18986",0.0700636942675159,3.03705319489282,3.93851388625063,0.00106674339807434,0.0334530729636113,0.0290603359391199,"ANK3/EDN3/P2RX4/GSTM2/PLP1/FXYD1/SRI/FXYD3/MS4A1/AKAP7/LRRC26",11
"BP","GO:0042572","retinol metabolic process","6/438","52/18986",0.115384615384615,5.00158061116965,4.44023410129815,0.00120869158245824,0.0373798425015859,0.032471479724122,"AKR1B10/DHRS9/ADH1C/ADH1B/RDH5/RETSAT",6
"BP","GO:0061448","connective tissue development","16/438","290/18986",0.0551724137931034,2.39156038419147,3.66961513317922,0.00121103061165852,0.0373798425015859,0.032471479724122,"BMP3/SLC26A2/RSPO2/BMP5/MUSTN1/SCIN/OGN/PPARGC1A/IL6R/BMP2/ACVRL1/HMGCS2/FRZB/BARX2/ACAT1/NR1H4",16
"BP","GO:0009624","response to nematode","3/438","10/18986",0.3,13.0041095890411,5.8347389219092,0.00129679098655301,0.0394067976755003,0.0342322745650493,"PTGER4/HPGDS/ITLN1",3
"BP","GO:0034440","lipid oxidation","9/438","114/18986",0.0789473684210526,3.42213410237924,3.98598314991323,0.00130580005557444,0.0394067976755003,0.0342322745650493,"APPL2/ACADS/FABP1/PPARGC1A/ACAA2/ETFDH/PDK4/ACAT1/ECH1",9
"BP","GO:0048565","digestive tract development","10/438","137/18986",0.072992700729927,3.16401693164017,3.90634496923281,0.00130685808617731,0.0394067976755003,0.0342322745650493,"NPY/TMIGD1/BCL2/PYY/SFRP1/NKX2-3/HMGCS2/TCF21/FGFR2/SPDEF",10
"BP","GO:0070098","chemokine-mediated signaling pathway","8/438","93/18986",0.0860215053763441,3.72877694309422,4.05371172583092,0.00138496218506274,0.0414431432476789,0.036001226747111,"CCL23/CXCL12/PADI2/CCL5/CCL15/CXCL13/CCL14/CCL19",8
"BP","GO:0071383","cellular response to steroid hormone stimulus","13/438","213/18986",0.0610328638497653,2.64559350011791,3.71141345022448,0.00139666312447977,0.0414766624845507,0.0360303445589478,"FAM107A/NR3C2/SCNN1B/SFRP1/ADTRP/PADI2/PCK1/HMGCS2/TCF21/PAQR8/SGK1/SCGB2A1/SCNN1A",13
"BP","GO:0035725","sodium ion transmembrane transport","12/438","188/18986",0.0638297872340425,2.76683182745555,3.74121036041247,0.0014435429335629,0.0418164539222909,0.0363255178406582,"SLC17A4/SLC4A4/ANK3/SLC6A19/SCNN1B/CNNM4/SLC9A2/FXYD1/FXYD3/SCNN1A/SLC9A3/SLC6A8",12
"BP","GO:0036294","cellular response to decreased oxygen levels","11/438","163/18986",0.0674846625766871,2.92525982575567,3.79343408380946,0.00144507874736889,0.0418164539222909,0.0363255178406582,"BCL2/CITED2/PINK1/FABP1/SFRP1/ACAA2/PCK1/UCN3/FGFR2/CLCA1/EGLN3",11
"BP","GO:0051923","sulfation","4/438","22/18986",0.181818181818182,7.88127853881279,4.96260052256115,0.00146949252739545,0.0418164539222909,0.0363255178406582,"SULT1A2/SULT1A1/SULT1B1/CHST5",4
"BP","GO:1902644","tertiary alcohol metabolic process","4/438","22/18986",0.181818181818182,7.88127853881279,4.96260052256115,0.00146949252739545,0.0418164539222909,0.0363255178406582,"BMP5/AKR1B10/BMP2/HSD11B2",4
"BP","GO:0002548","monocyte chemotaxis","6/438","54/18986",0.111111111111111,4.81633688483004,4.31557977592482,0.00147523246129622,0.0418164539222909,0.0363255178406582,"CCL23/IL6R/CXCL12/CCL5/CTSG/S100A14",6
"BP","GO:0140115","export across plasma membrane","8/438","94/18986",0.0851063829787234,3.68910910327407,4.01630969529026,0.0014839599185675,0.0418164539222909,0.0363255178406582,"ABCG2/SLC4A4/SLC22A5/SLC30A10/SLC35G1/FXYD1/FXYD3/ABCB1",8
"BP","GO:0034110","regulation of homotypic cell-cell adhesion","5/438","37/18986",0.135135135135135,5.85770702209058,4.54498908540476,0.00151477970840952,0.0418164539222909,0.0363255178406582,"ANK3/CEACAM1/IL6R/CCL5/CTSG",5
"BP","GO:0034694","response to prostaglandin","5/438","37/18986",0.135135135135135,5.85770702209058,4.54498908540476,0.00151477970840952,0.0418164539222909,0.0363255178406582,"PTGER4/SFRP1/PTGDR/HMGCS2/CCL19",5
"BP","GO:0048730","epidermis morphogenesis","5/438","37/18986",0.135135135135135,5.85770702209058,4.54498908540476,0.00151477970840952,0.0418164539222909,0.0363255178406582,"KLF4/BCL2/FGFR2/SOSTDC1/PLA2G10",5
"BP","GO:0070633","transepithelial transport","5/438","37/18986",0.135135135135135,5.85770702209058,4.54498908540476,0.00151477970840952,0.0418164539222909,0.0363255178406582,"ABCG2/AQP8/SCNN1B/SLC1A1/ABCB1",5
"BP","GO:0034764","positive regulation of transmembrane transport","13/438","216/18986",0.0601851851851852,2.6088491459496,3.65429729084375,0.00158309334564218,0.04332637837089,0.0376371734773977,"CA2/ANK3/EDN3/P2RX4/GSTM2/PLP1/FXYD1/SRI/FXYD3/MS4A1/AKAP7/ITLN1/LRRC26",13
"BP","GO:0015833","peptide transport","15/438","270/18986",0.0555555555555556,2.40816844241502,3.58116048336372,0.00159158124627759,0.04332637837089,0.0376371734773977,"CWH43/GNA11/EDN3/GCG/ADCY5/SFRP1/CHGA/CCL5/UCN3/SRI/ADRA2A/SLC15A1/FAM3D/VIP/NR1H4",15
"BP","GO:0046486","glycerolipid metabolic process","19/438","385/18986",0.0493506493506494,2.13920417482061,3.47022471568318,0.00163727128010106,0.0442627821930768,0.0384506177214295,"PLCD1/CWH43/PRDX6/NAAA/ABHD3/PLCE1/MOGAT2/ITPKA/PIGZ/MGLL/PCK1/GDPD3/NKX2-3/TNXB/APOBR/LIPH/PLA2G10/SLC44A4/NR1H4",19
"BP","GO:0030258","lipid modification","12/438","191/18986",0.06282722513089,2.72337373592484,3.67848340419304,0.00165086480073183,0.0443245891703342,0.038504308798612,"APPL2/ACADS/B3GALT1/FABP1/PPARGC1A/ACAA2/EPHX2/ETFDH/B4GALNT2/PDK4/ACAT1/ECH1",12
"BP","GO:0008207","C21-steroid hormone metabolic process","5/438","38/18986",0.131578947368421,5.70355683729873,4.45995337975342,0.00171171063782158,0.0453372006774364,0.0393839538645292,"BMP5/SCNN1B/BMP2/DHRS9/HSD3B2",5
"BP","GO:0051385","response to mineralocorticoid","5/438","38/18986",0.131578947368421,5.70355683729873,4.45995337975342,0.00171171063782158,0.0453372006774364,0.0393839538645292,"SCNN1B/UCN3/SGK1/SCNN1A/FOSB",5
"BP","GO:0048251","elastic fiber assembly","3/438","11/18986",0.272727272727273,11.8219178082192,5.51700647726607,0.00175268683327154,0.0461109556135867,0.0400561067158843,"LTBP4/TNXB/MFAP4",3
"BP","GO:0006749","glutathione metabolic process","6/438","56/18986",0.107142857142857,4.64432485322896,4.19690947392169,0.00178432975226611,0.0466304841925543,0.0405074157795148,"ETHE1/GSTM5/HPGDS/GSTM2/SLC1A1/GGT6",6
"BP","GO:0036293","response to decreased oxygen levels","17/438","331/18986",0.0513595166163142,2.22628260839576,3.45860330028247,0.0018639497790514,0.0478402527154666,0.0415583290909062,"BCL2/CITED2/PINK1/FABP1/SFRP1/ACAA2/CXCL12/BMP2/PCK1/ACVRL1/HSD11B2/UCN3/FGFR2/SLC1A1/CLCA1/MB/EGLN3",17
"BP","GO:0043269","regulation of monoatomic ion transport","22/438","480/18986",0.0458333333333333,1.98673896499239,3.36480910401425,0.00186691543347586,0.0478402527154666,0.0415583290909062,"CA7/CA2/ANK3/EDN3/BCL2/P2RX4/GCG/P2RY1/GSTM2/CXCL12/PLP1/CCL5/FXYD1/ATP8B1/SRI/ADRA2A/FXYD3/MS4A1/AKAP7/ABCB1/FHL1/LRRC26",22
"BP","GO:0015695","organic cation transport","9/438","120/18986",0.075,3.25102739726027,3.80124009221989,0.0018672343534353,0.0478402527154666,0.0415583290909062,"AQP8/SLC36A1/SLC22A5/P2RY1/SLC1A1/ADRA2A/SLC16A9/VIP/SLC44A4",9
"CC","GO:0045177","apical part of cell","45/460","474/19960",0.0949367088607595,4.11942762795817,10.5568350368931,7.91529006520494e-16,2.37458701956148e-13,2.1662899125824e-13,"ABCG2/CLCA4/SLC17A4/CA4/AQP8/TRPM6/SLC36A1/NAALADL1/SLC22A5/CA2/SLC26A2/SLC26A3/CEACAM7/SLC6A19/PTPRH/P2RY1/FABP1/CYP4F12/SCNN1B/CEACAM1/SLC9A2/CLIC5/CDHR5/IL6R/CNTFR/FRMD1/CA12/FXYD1/ATP8B1/FABP2/CDHR2/SLC1A1/CD36/AMN/EPB41L4B/AKAP7/ABCB1/SI/MYO1A/SCNN1A/SLC9A3/SLC6A8/PROM2/SLC15A1/SLC44A4",45
"CC","GO:0016324","apical plasma membrane","41/460","408/19960",0.100490196078431,4.36040068201194,10.5331083271616,2.32810312759192e-15,3.49215469138788e-13,3.18582533249421e-13,"ABCG2/CLCA4/SLC17A4/CA4/AQP8/TRPM6/SLC36A1/NAALADL1/SLC22A5/SLC26A2/SLC26A3/CEACAM7/SLC6A19/PTPRH/P2RY1/CYP4F12/SCNN1B/CEACAM1/SLC9A2/CLIC5/CDHR5/IL6R/CNTFR/FRMD1/CA12/FXYD1/ATP8B1/CDHR2/SLC1A1/CD36/AMN/AKAP7/ABCB1/SI/MYO1A/SCNN1A/SLC9A3/SLC6A8/PROM2/SLC15A1/SLC44A4",41
"CC","GO:0005903","brush border","19/460","109/19960",0.174311926605505,7.56362185879537,10.5535022289601,6.34351831101473e-12,6.34351831101473e-10,5.78706933636431e-10,"ABCG2/SLC17A4/CA4/AQP8/TRPM6/SLC22A5/SLC26A3/SLC6A19/SCIN/CDHR5/CDHR2/CD36/AMN/PLS1/SI/MYO1A/ITLN1/SLC9A3/SLC15A1",19
"CC","GO:0031526","brush border membrane","14/460","60/19960",0.233333333333333,10.1246376811594,10.8716563206651,6.45552826486728e-11,4.84164619865046e-09,4.41694039175130e-09,"ABCG2/SLC17A4/CA4/AQP8/TRPM6/SLC22A5/SLC26A3/SLC6A19/CDHR5/CDHR2/CD36/AMN/ITLN1/SLC9A3",14
"CC","GO:0098862","cluster of actin-based cell projections","22/460","173/19960",0.127167630057803,5.51796933902991,9.16658042559093,8.8772313772085e-11,5.3263388263251e-09,4.8591161222615e-09,"ABCG2/SLC17A4/CA4/AQP8/CDC14A/TRPM6/SLC22A5/SLC26A3/SLC6A19/SCIN/CLIC5/CDHR5/ATP8B1/CDHR2/CD36/AMN/PLS1/SI/MYO1A/ITLN1/SLC9A3/SLC15A1",22
"CC","GO:0031253","cell projection membrane","24/460","358/19960",0.0670391061452514,2.90891425795482,5.59768868965444,3.31414373213187e-06,0.000165707186606594,0.000151171468483208,"ABCG2/SLC17A4/PHLPP2/CA4/AQP8/TRPM6/APPL2/SLC22A5/SLC26A2/SLC26A3/EPB41L3/FAM107A/PDE9A/SLC6A19/PTPRH/CEACAM1/CDHR5/CDHR2/CD36/AMN/ITLN1/SCNN1A/SLC9A3/PROM2",24
"CC","GO:0031528","microvillus membrane","7/460","33/19960",0.212121212121212,9.20421607378129,7.24442796891603,8.38692955024933e-06,0.00031596244451092,0.000288246440606454,"SLC26A2/PTPRH/CEACAM1/CDHR5/CDHR2/AMN/PROM2",7
"CC","GO:0062023","collagen-containing extracellular matrix","26/460","430/19960",0.0604651162790698,2.62366026289181,5.22768327354086,8.42566518695788e-06,0.00031596244451092,0.000288246440606454,"CLEC3B/ADAMDEC1/MMP28/LTBP4/ABI3BP/OGN/SFRP1/ZG16/CXCL12/DPT/FGL2/EDIL3/LGALS4/FGFR2/TNXB/MATN2/CTSG/SRPX/F13A1/TPSB2/TPSAB1/PCSK6/MFAP5/MFAP4/COL17A1/SPON1",26
"CC","GO:0009897","external side of plasma membrane","25/460","407/19960",0.0614250614250614,2.66531353487875,5.21335760000035,9.59518277285339e-06,0.00031983942576178,0.000291783335782676,"ABCG2/CA4/LY9/CD163L1/HHLA2/ANPEP/BTNL8/CD27/SCNN1B/TCN2/CD79A/IL6R/CXCL12/CNTFR/CD79B/SLAMF7/BTNL3/SLC1A1/CD8A/CD36/FOLR2/MS4A1/ABCB1/CLEC10A/SCNN1A",25
"CC","GO:0005902","microvillus","11/460","100/19960",0.11,4.77304347826087,5.80942550331523,1.93599238998002e-05,0.000580797716994006,0.000529850548836637,"SLC26A2/PTPRH/CEACAM1/CDHR5/FABP2/CDHR2/IQGAP2/CLCA1/AMN/MYO1A/PROM2",11
"CC","GO:0098858","actin-based cell projection","15/460","234/19960",0.0641025641025641,2.78149386845039,4.21020987442854,0.000367505267832441,0.0100228709408848,0.00914367173554399,"CDC14A/SLC26A2/PTPRH/CEACAM1/CLIC5/CDHR5/ATP8B1/FABP2/CDHR2/IQGAP2/CLCA1/AMN/PLS1/MYO1A/PROM2",15
"CC","GO:0009925","basal plasma membrane","17/460","298/19960",0.0570469798657718,2.47534286548001,3.94110718364881,0.000590867330486411,0.0147716832621603,0.0134759215724971,"AQP8/CNNM2/SLC4A4/SLC22A5/ABCA8/ANK3/HPGD/P2RY1/CNNM4/CEACAM1/CA12/CLDN8/ADRA2A/BEST2/MYO1A/CLDN7/PROM2",17
"CC","GO:0045178","basal part of cell","17/460","317/19960",0.0536277602523659,2.32697846660266,3.65780540639833,0.00116854597105002,0.0269664454857698,0.0246009678115795,"AQP8/CNNM2/SLC4A4/SLC22A5/ABCA8/ANK3/HPGD/P2RY1/CNNM4/CEACAM1/CA12/CLDN8/ADRA2A/BEST2/MYO1A/CLDN7/PROM2",17
"CC","GO:0016323","basolateral plasma membrane","15/460","264/19960",0.0568181818181818,2.46541501976285,3.6813285878121,0.00126793884297307,0.0271701180637087,0.0247867743739097,"AQP8/CNNM2/SLC4A4/ABCA8/ANK3/HPGD/P2RY1/CNNM4/CA12/CLDN8/ADRA2A/BEST2/MYO1A/CLDN7/PROM2",15
"CC","GO:0016327","apicolateral plasma membrane","4/460","23/19960",0.173913043478261,7.54631379962193,4.8246057748466,0.00174113900057187,0.0327761201082548,0.0299010218531448,"CLDN8/CLDN5/CLDN7/KRT19",4
"CC","GO:0031838","haptoglobin-hemoglobin complex","3/460","11/19960",0.272727272727273,11.8339920948617,5.52020607914674,0.00174805973910692,0.0327761201082548,0.0299010218531448,"HBA2/HBA1/HBB",3
"CC","GO:0005833","hemoglobin complex","3/460","12/19960",0.25,10.8478260869565,5.24097771219989,0.00229108267363036,0.0404308707111241,0.0368843031048851,"HBA2/HBA1/HBB",3
"CC","GO:0001527","microfibril","3/460","13/19960",0.230769230769231,10.0133779264214,4.99288384569737,0.00292778169208614,0.048796361534769,0.0445159789439998,"LTBP4/MFAP5/MFAP4",3
"MF","GO:0001664","G protein-coupled receptor binding","24/443","299/18737",0.0802675585284281,3.39497346308613,6.49628932958045,2.05473073274853e-07,0.000132324659189005,0.000105331985984056,"NPY/GNA11/EDN3/CCL23/PYY/GCG/P2RY1/SFRP1/CXCL12/CCL5/UCN3/HBA2/HBA1/EDN2/ADRA2A/CCL15/CCL28/DEFB1/INSL5/CXCL14/S100A14/CXCL13/CCL14/CCL19",24
"MF","GO:0042379","chemokine receptor binding","11/443","75/18737",0.146666666666667,6.20337095560572,7.02622886943351,1.43132421778428e-06,0.000405728034620941,0.000322964290389667,"CCL23/CXCL12/CCL5/CCL15/CCL28/DEFB1/CXCL14/S100A14/CXCL13/CCL14/CCL19",11
"MF","GO:0008009","chemokine activity","9/443","49/18737",0.183673469387755,7.76859999078638,7.38246575217559,1.89003742835842e-06,0.000405728034620941,0.000322964290389667,"CCL23/CXCL12/CCL5/CCL15/CCL28/CXCL14/CXCL13/CCL14/CCL19",9
"MF","GO:0004175","endopeptidase activity","25/443","404/18737",0.0618811881188119,2.61730885278144,5.11390718734078,1.28401206603388e-05,0.00181336132877404,0.00144345695834089,"CLCA4/USP2/CFD/SPPL2A/ADAMDEC1/ADAM28/CASP7/MMP28/SFRP1/CAPN5/CAPN13/CTSW/CASP5/CLCA1/CTSG/MEP1A/TMPRSS2/RHBDL2/TPSB2/TPSAB1/PCSK6/CAPN9/TPSG1/KLK1/CTSE",25
"MF","GO:0052689","carboxylic ester hydrolase activity","16/443","195/18737",0.0820512820512821,3.47041731782138,5.39629029986484,1.68698826520668e-05,0.00181336132877404,0.00144345695834089,"PLCD1/CA1/CA2/PRDX6/PLCL2/ABHD3/PLCE1/CES3/PLCD3/MGLL/CCL5/GDPD3/CES2/SIAE/LIPH/PLA2G10",16
"MF","GO:0004089","carbonate dehydratase activity","5/443","15/18737",0.333333333333333,14.0985703536494,7.8973133579561,1.78326007296508e-05,0.00181336132877404,0.00144345695834089,"CA7/CA4/CA1/CA2/CA12",5
"MF","GO:0008201","heparin binding","15/443","176/18737",0.0852272727272727,3.60474810178535,5.40265634203561,1.97104492258048e-05,0.00181336132877404,0.00144345695834089,"CLEC3B/RSPO2/GREM2/CCL23/PTN/SFRP1/FGFR2/TNXB/CCL15/CTSG/PCOLCE2/LIPH/PCSK6/COL17A1/CXCL13",15
"MF","GO:0005539","glycosaminoglycan binding","18/443","246/18737",0.0731707317073171,3.09480812641084,5.14656626394256,2.4232490251662e-05,0.00191699184201823,0.00152594806646433,"CLEC3B/RSPO2/GREM2/CCL23/LTBP4/PTN/SFRP1/ZG16/FGFR2/TNXB/CCL15/CTSG/PCOLCE2/LYVE1/LIPH/PCSK6/COL17A1/CXCL13",18
"MF","GO:0015108","chloride transmembrane transporter activity","12/443","120/18737",0.1,4.22957110609481,5.52289248947974,2.76376311282135e-05,0.00191699184201823,0.00152594806646433,"BEST4/CLCA4/SLC26A2/SLC26A3/CLIC5/ANO7/FXYD1/SLC1A1/CLCA1/BEST2/FXYD3/SLC6A8",12
"MF","GO:0016616","oxidoreductase activity, acting on the CH-OH group of donors, NAD or NADP as acceptor","12/443","122/18737",0.0983606557377049,4.16023387484735,5.44946143722345,3.26124226850425e-05,0.00191699184201823,0.00152594806646433,"DHRS11/HPGD/AKR1B10/HSD17B2/LDHD/UGDH/DHRS9/HSD11B2/ADH1C/HSD3B2/ADH1B/RDH5",12
"MF","GO:0004620","phospholipase activity","11/443","104/18737",0.105769230769231,4.47358482375412,5.52763236391699,3.52758844732812e-05,0.00191699184201823,0.00152594806646433,"PLCD1/PRDX6/PLCL2/ABHD3/PLCE1/PLCD3/MGLL/CCL5/GDPD3/LIPH/PLA2G10",11
"MF","GO:0008081","phosphoric diester hydrolase activity","10/443","87/18737",0.114942528735632,4.86157598401702,5.61785800183263,3.88463592153291e-05,0.00191699184201823,0.00152594806646433,"GDPD2/PLCD1/PLCL2/SMPDL3A/PLCE1/PLCD3/PDE9A/TDP2/CCL5/GDPD3",10
"MF","GO:0005201","extracellular matrix structural constituent","14/443","166/18737",0.0843373493975904,3.56710816176671,5.16971416052439,4.16737356960484e-05,0.00191699184201823,0.00152594806646433,"LTBP4/ABI3BP/OGN/DPT/FGL2/EDIL3/TNXB/MATN2/SRPX/MFAP5/MFAP4/COL17A1/MUC4/SPON1",14
"MF","GO:0015103","inorganic anion transmembrane transporter activity","14/443","166/18737",0.0843373493975904,3.56710816176671,5.16971416052439,4.16737356960484e-05,0.00191699184201823,0.00152594806646433,"BEST4/CLCA4/SLC17A4/SLC4A4/SLC26A2/SLC26A3/CLIC5/ANO7/FXYD1/SLC1A1/CLCA1/BEST2/FXYD3/SLC6A8",14
"MF","GO:0008509","monoatomic anion transmembrane transporter activity","13/443","148/18737",0.0878378378378378,3.7151638094076,5.16041756559483,5.11787465093587e-05,0.00219727418346847,0.00174905610877598,"BEST4/CLCA4/SLC4A4/SLC26A2/SLC26A3/CLIC5/ANO7/FXYD1/SLC1A1/CLCA1/BEST2/FXYD3/SLC6A8",13
"MF","GO:0004955","prostaglandin receptor activity","4/443","10/18737",0.4,16.9182844243792,7.83516451293752,5.78167620860379e-05,0.00232712467396303,0.00185241862736187,"PTGDR2/HPGD/PTGER4/PTGDR",4
"MF","GO:0033764","steroid dehydrogenase activity, acting on the CH-OH group of donors, NAD or NADP as acceptor","6/443","30/18737",0.2,8.45914221218962,6.36258219929957,6.1920658720023e-05,0.00234570024798205,0.00186720500288862,"DHRS11/HSD17B2/DHRS9/HSD11B2/HSD3B2/RDH5",6
"MF","GO:0016614","oxidoreductase activity, acting on CH-OH group of donors","12/443","132/18737",0.0909090909090909,3.84506464190437,5.10446501214643,7.09187887353547e-05,0.00253731666364269,0.00201973392480221,"DHRS11/HPGD/AKR1B10/HSD17B2/LDHD/UGDH/DHRS9/HSD11B2/ADH1C/HSD3B2/ADH1B/RDH5",12
"MF","GO:0004954","prostanoid receptor activity","4/443","11/18737",0.363636363636364,15.3802585676175,7.42380392130093,8.91593653538945e-05,0.00302203322567937,0.00240557401259538,"PTGDR2/HPGD/PTGER4/PTGDR",4
"MF","GO:0016229","steroid dehydrogenase activity","6/443","33/18737",0.181818181818182,7.69012928380874,5.98563455488587,0.000108775555164831,0.00346758959878205,0.00276024212913837,"DHRS11/HSD17B2/DHRS9/HSD11B2/HSD3B2/RDH5",6
"MF","GO:1901681","sulfur compound binding","18/443","277/18737",0.0649819494584837,2.74845775847316,4.56210362035935,0.000113073573873328,0.00346758959878205,0.00276024212913837,"CLEC3B/RSPO2/GREM2/CCL23/SULT1A1/PTN/SFRP1/GSTM2/FGFR2/TNXB/CCL15/CTSG/PCOLCE2/ACAT1/LIPH/PCSK6/COL17A1/CXCL13",18
"MF","GO:0008499","UDP-galactose:beta-N-acetylglucosamine beta-1,3-galactosyltransferase activity","4/443","12/18737",0.333333333333333,14.0985703536494,7.06300594033929,0.00013124512876808,0.00384190286030197,0.00305819989043324,"B3GALT1/B3GALT5/B3GNT7/B3GNT6",4
"MF","GO:0048020","CCR chemokine receptor binding","7/443","51/18737",0.137254901960784,5.80529367503209,5.34727863803947,0.000185640354643405,0.00499217803359134,0.00397383246544456,"CCL23/CCL5/CCL15/DEFB1/CXCL13/CCL14/CCL19",7
"MF","GO:0070700","BMP receptor binding","4/443","13/18737",0.307692307692308,13.0140649418302,6.74292454306691,0.000186043901872969,0.00499217803359134,0.00397383246544456,"BMP3/RSPO2/BMP5/BMP2",4
"MF","GO:0008514","organic anion transmembrane transporter activity","17/443","268/18737",0.0634328358208955,2.68293689565715,4.31816768160435,0.000231657491287661,0.00596749697557016,0.00475019782135121,"BEST4/ABCG2/SLC36A1/SLC4A4/SLC26A2/SLC26A3/FABP1/CEACAM1/FABP2/SLC1A1/CD36/BEST2/SLC16A9/ABCB1/SLC6A8/SLC44A4/FABP4",17
"MF","GO:0016298","lipase activity","11/443","129/18737",0.0852713178294574,3.606611020701,4.62282228481452,0.000248389812853366,0.00609682104184953,0.00485314130006656,"PLCD1/PRDX6/PLCL2/ABHD3/PLCE1/PLCD3/MGLL/CCL5/GDPD3/LIPH/PLA2G10",11
"MF","GO:0005344","oxygen carrier activity","4/443","14/18737",0.285714285714286,12.0844888745566,6.45621427322259,0.000255612062313567,0.00609682104184953,0.00485314130006656,"HBA2/HBA1/HBB/MB",4
"MF","GO:0004435","phosphatidylinositol phospholipase C activity","5/443","26/18737",0.192307692307692,8.13379058864386,5.66427715973841,0.000315149700483277,0.00688430608656104,0.00547998866321547,"PLCD1/PLCL2/PLCE1/PLCD3/CCL5",5
"MF","GO:0008028","monocarboxylic acid transmembrane transporter activity","8/443","73/18737",0.10958904109589,4.63514641763815,4.84247001236658,0.000321178881557473,0.00688430608656104,0.00547998866321547,"ABCG2/FABP1/CEACAM1/FABP2/CD36/SLC16A9/SLC6A8/FABP4",8
"MF","GO:0005319","lipid transporter activity","13/443","178/18737",0.0730337078651685,3.08901260557486,4.35772420174392,0.000327177483430048,0.00688430608656104,0.00547998866321547,"ABCG2/GLTP/ABCA8/ABCA5/FABP1/CEACAM1/ATP8B1/FABP2/TMEM30B/CD36/ATP8A1/ABCB1/FABP4",13
"MF","GO:0004953","icosanoid receptor activity","4/443","15/18737",0.266666666666667,11.2788562829195,6.19726785717458,0.000342077321071356,0.00688430608656104,0.00547998866321547,"PTGDR2/HPGD/PTGER4/PTGDR",4
"MF","GO:0048531","beta-1,3-galactosyltransferase activity","4/443","15/18737",0.266666666666667,11.2788562829195,6.19726785717458,0.000342077321071356,0.00688430608656104,0.00547998866321547,"B3GALT1/B3GALT5/B3GNT7/B3GNT6",4
"MF","GO:0004601","peroxidase activity","7/443","57/18737",0.12280701754386,5.19421013029187,4.93497709570758,0.000375370832767349,0.00732541867582342,0.00583111947552469,"PRDX6/GSTM2/HBA2/HBA1/HBB/GPX3/MB",7
"MF","GO:0005324","long-chain fatty acid transmembrane transporter activity","4/443","16/18737",0.25,10.573927765237,5.96172007902377,0.000447624560006073,0.00823629190411174,0.00655618528490098,"FABP1/FABP2/CD36/FABP4",4
"MF","GO:0140327","flippase activity","4/443","16/18737",0.25,10.573927765237,5.96172007902377,0.000447624560006073,0.00823629190411174,0.00655618528490098,"ATP8B1/TMEM30B/ATP8A1/ABCB1",4
"MF","GO:0016684","oxidoreductase activity, acting on peroxide as acceptor","7/443","59/18737",0.11864406779661,5.01813521062096,4.81029079678585,0.000465136610387574,0.00824703671915122,0.00656473828412331,"PRDX6/GSTM2/HBA2/HBA1/HBB/GPX3/MB",7
"MF","GO:0046943","carboxylic acid transmembrane transporter activity","13/443","185/18737",0.0702702702702703,2.97213104752608,4.19480938805565,0.000473820432622042,0.00824703671915122,0.00656473828412331,"ABCG2/SLC36A1/SLC26A2/SLC26A3/FABP1/CEACAM1/FABP2/SLC1A1/CD36/SLC16A9/ABCB1/SLC6A8/FABP4",13
"MF","GO:0005342","organic acid transmembrane transporter activity","13/443","186/18737",0.0698924731182796,2.95615184834583,4.17216368228601,0.000498738076611308,0.00845229792993901,0.00672812862353759,"ABCG2/SLC36A1/SLC26A2/SLC26A3/FABP1/CEACAM1/FABP2/SLC1A1/CD36/SLC16A9/ABCB1/SLC6A8/FABP4",13
"MF","GO:0004629","phospholipase C activity","5/443","29/18737",0.172413793103448,7.29236397602553,5.27697599990118,0.000536721708874323,0.008862789243976,0.00705488454039933,"PLCD1/PLCL2/PLCE1/PLCD3/CCL5",5
"MF","GO:0005125","cytokine activity","15/443","238/18737",0.0630252100840336,2.66569607526984,4.02435310293757,0.000569035124411522,0.00916146550302551,0.00729263435758977,"BMP3/GREM2/CCL23/BMP5/SECTM1/CXCL12/BMP2/CCL5/CCL15/CCL28/CXCL14/FAM3D/CXCL13/CCL14/CCL19",15
"MF","GO:0005253","monoatomic anion channel activity","9/443","102/18737",0.0882352941176471,3.73197450537777,4.30524622054241,0.00069956499640335,0.0108581712956298,0.00864323213627284,"BEST4/CLCA4/CLIC5/ANO7/FXYD1/SLC1A1/CLCA1/BEST2/FXYD3",9
"MF","GO:0005254","chloride channel activity","8/443","82/18737",0.0975609756097561,4.12641083521445,4.41510779423865,0.000708141606236727,0.0108581712956298,0.00864323213627284,"BEST4/CLCA4/CLIC5/ANO7/FXYD1/CLCA1/BEST2/FXYD3",8
"MF","GO:0015106","bicarbonate transmembrane transporter activity","5/443","32/18737",0.15625,6.60870485327314,4.94133939370545,0.000858665785571517,0.0123482778884244,0.00982937452053395,"BEST4/SLC4A4/SLC26A2/SLC26A3/BEST2",5
"MF","GO:0004197","cysteine-type endopeptidase activity","8/443","85/18737",0.0941176470588235,3.98077280573629,4.28609309183253,0.000899237093618343,0.0123482778884244,0.00982937452053395,"USP2/CASP7/SFRP1/CAPN5/CAPN13/CTSW/CASP5/CAPN9",8
"MF","GO:0005229","intracellularly calcium-gated chloride channel activity","4/443","19/18737",0.210526315789474,8.90436022335749,5.36413584428477,0.000901194193720412,0.0123482778884244,0.00982937452053395,"BEST4/CLCA4/ANO7/CLCA1",4
"MF","GO:0015245","fatty acid transmembrane transporter activity","4/443","19/18737",0.210526315789474,8.90436022335749,5.36413584428477,0.000901194193720412,0.0123482778884244,0.00982937452053395,"FABP1/FABP2/CD36/FABP4",4
"MF","GO:0141147","intracellularly calcium-gated channel activity","4/443","19/18737",0.210526315789474,8.90436022335749,5.36413584428477,0.000901194193720412,0.0123482778884244,0.00982937452053395,"BEST4/CLCA4/ANO7/CLCA1",4
"MF","GO:0043177","organic acid binding","13/443","199/18737",0.0653266331658292,2.76303640096646,3.89083078156427,0.000937876824924116,0.0125831807343986,0.0100163599503957,"UGT1A8/FABP1/GSTM2/PCK1/HBA2/HBA1/HBB/FABP2/SLC1A1/FOLR2/EGLN3/NR1H4/FABP4",13
"MF","GO:0016209","antioxidant activity","8/443","86/18737",0.0930232558139535,3.93448474985564,4.24439687455537,0.000971399727133843,0.0127669678423305,0.0101626566512176,"PRDX6/FABP1/GSTM2/HBA2/HBA1/HBB/GPX3/MB",8
"MF","GO:0004745","all-trans-retinol dehydrogenase (NAD+) activity","4/443","20/18737",0.2,8.45914221218962,5.1936386432585,0.00110561945421809,0.014240378570329,0.011335508930615,"DHRS9/ADH1C/ADH1B/RDH5",4
"MF","GO:0005179","hormone activity","10/443","132/18737",0.0757575757575758,3.20422053492031,3.95469629541499,0.00118312389075228,0.0149398389342053,0.011892287611896,"NPY/GUCA2A/EDN3/SST/PYY/GCG/UCN3/EDN2/INSL5/VIP",10
"MF","GO:0031720","haptoglobin binding","3/443","10/18737",0.3,12.6887133182844,5.75332048050736,0.00139180069707956,0.0172369163253699,0.0137207882485374,"HBA2/HBA1/HBB",3
"MF","GO:0071855","neuropeptide receptor binding","5/443","38/18737",0.131578947368421,5.56522513959843,4.3835985263351,0.00190566102926467,0.0223715249638186,0.0178079971516503,"NPY/EDN3/PYY/UCN3/EDN2",5
"MF","GO:0004022","alcohol dehydrogenase (NAD+) activity","4/443","23/18737",0.173913043478261,7.35577583668662,4.74608095289757,0.00191061160405283,0.0223715249638186,0.0178079971516503,"DHRS9/ADH1C/ADH1B/RDH5",4
"MF","GO:0050431","transforming growth factor beta binding","4/443","23/18737",0.173913043478261,7.35577583668662,4.74608095289757,0.00191061160405283,0.0223715249638186,0.0178079971516503,"LTBP4/ACVRL1/CHRDL1/CD36",4
"MF","GO:0008194","UDP-glycosyltransferase activity","10/443","145/18737",0.0689655172413793,2.91694559041021,3.60592505879984,0.00238579343912529,0.0274366245499409,0.0218398760310906,"GCNT2/UGT1A8/UGT1A10/B3GALT1/B3GALT5/UGT2A3/GCNT3/B4GALNT2/B3GNT7/B3GNT6",10
"MF","GO:0070696","transmembrane receptor protein serine/threonine kinase binding","4/443","25/18737",0.16,6.76731376975169,4.49023886236039,0.00262959831546238,0.0297098476343469,0.0236493883588214,"BMP3/RSPO2/BMP5/BMP2",4
"MF","GO:0022804","active transmembrane transporter activity","21/443","458/18737",0.0458515283842795,1.93932299624434,3.16706839183533,0.00311160667349491,0.0337722760635051,0.0268831291973308,"ABCG2/SLC17A4/SLC36A1/SLC4A4/SLC22A5/ABCA8/SLC26A2/SLC30A10/SLC26A3/SLC6A19/ABCA5/SLC9A2/SLC1A1/ATP8A1/ATP2A3/SLC16A9/ABCB1/SLC9A3/SLC6A8/SLC15A1/SLC44A4",21
"MF","GO:0015651","quaternary ammonium group transmembrane transporter activity","3/443","13/18737",0.230769230769231,9.76054870637264,4.91688027066169,0.00314648534753153,0.0337722760635051,0.0268831291973308,"SLC22A5/SLC16A9/SLC44A4",3
"MF","GO:0140333","glycerophospholipid flippase activity","3/443","13/18737",0.230769230769231,9.76054870637264,4.91688027066169,0.00314648534753153,0.0337722760635051,0.0268831291973308,"ATP8B1/ATP8A1/ABCB1",3
"MF","GO:0140326","ATPase-coupled intramembrane lipid transporter activity","4/443","27/18737",0.148148148148148,6.2660312682886,4.26102798424524,0.00351494323726017,0.0371085810622221,0.0295388672397878,"ATP8B1/TMEM30B/ATP8A1/ABCB1",4
"MF","GO:0015291","secondary active transmembrane transporter activity","15/443","288/18737",0.0520833333333333,2.20290161775771,3.20129651622573,0.00371393275919306,0.038576978982586,0.0307077292653145,"SLC17A4/SLC36A1/SLC4A4/SLC22A5/SLC26A2/SLC30A10/SLC26A3/SLC6A19/SLC9A2/SLC1A1/SLC16A9/SLC9A3/SLC6A8/SLC15A1/SLC44A4",15
"MF","GO:0008559","ABC-type xenobiotic transporter activity","3/443","14/18737",0.214285714285714,9.06336665591745,4.69654699312816,0.00393490533440916,0.0400530692640982,0.0318827145008431,"ABCG2/ABCA8/ABCB1",3
"MF","GO:1901682","sulfur compound transmembrane transporter activity","6/443","64/18737",0.09375,3.96522291196388,3.69765382668781,0.00398042924363708,0.0400530692640982,0.0318827145008431,"ABCG2/SLC36A1/SLC26A2/SLC26A3/SLC1A1/SLC44A4",6
"MF","GO:0019838","growth factor binding","9/443","132/18737",0.0681818181818182,2.88379848142828,3.37981193704928,0.00417784926907866,0.0413286114048603,0.0328980610561735,"LTBP4/IL6R/ACVRL1/CHRDL1/FGFR2/CD36/PCSK6/IGFBP6/CXCL13",9
"MF","GO:0050660","flavin adenine dinucleotide binding","7/443","86/18737",0.0813953488372093,3.44267415612368,3.53304904866811,0.00425348803749779,0.0413286114048603,0.0328980610561735,"ACADS/LDHD/ETFDH/XDH/DAO/MAOA/FMO5",7
"MF","GO:0038024","cargo receptor activity","6/443","65/18737",0.0923076923076923,3.90421948254905,3.64986379702489,0.00429971578280379,0.0413286114048603,0.0328980610561735,"SCARA5/APOBR/CD36/AMN/FOLR2/LYVE1",6
"MF","GO:0099095","ligand-gated monoatomic anion channel activity","5/443","46/18737",0.108695652173913,4.59735989792914,3.80130310770951,0.00446078293871329,0.0422462384195788,0.0336285029590305,"BEST4/CLCA4/ANO7/CLCA1/BEST2",5
"MF","GO:0035250","UDP-galactosyltransferase activity","4/443","29/18737",0.137931034482759,5.83389118082042,4.05385445668947,0.00458345430399352,0.0427789068372729,0.0340525132882509,"B3GALT1/B3GALT5/B3GNT7/B3GNT6",4
"MF","GO:0005504","fatty acid binding","5/443","47/18737",0.106382978723404,4.49954372988809,3.73802040407181,0.00489684164602745,0.0450509431434525,0.0358610809265469,"UGT1A8/FABP1/GSTM2/FABP2/FABP4",5
"MF","GO:0005200","structural constituent of cytoskeleton","8/443","113/18737",0.0707964601769911,2.99438662378393,3.30900983205186,0.00540722138682732,0.0490457827199548,0.0390410202429192,"ANK3/TUBAL3/EPB41L3/KRT20/VILL/EPB41L4B/PLS1/KRT19",8
